mtllib LIN99DC6515E9MMPCT1P35R39.mtl
v 0.326072 0.073966 0.033586
v 0.438176 0.094872 0.025037
v 0.313137 0.077671 0.049463
v 0.436020 0.092226 0.043356
v 0.436020 0.107575 0.054348
v 0.506085 0.136156 0.066561
v 0.446799 0.135891 0.059233
v 0.612800 0.184055 0.062897
v 0.391825 0.133245 0.047020
v 0.552436 0.180615 0.047020
v 0.459734 0.154945 0.025037
v 0.696878 0.212371 0.039692
v 0.675319 0.196757 0.018930
v 0.703345 0.190142 0.020151
v 0.645137 0.162884 0.022594
v 0.739994 0.214223 0.022594
v 0.765865 0.217664 0.064118
v 0.765865 0.211312 0.031143
v 0.779878 0.196228 0.048241
v 0.761553 0.190142 0.034807
v 0.754007 0.184319 0.062897
v 0.696878 0.168971 0.042135
v 0.647293 0.171088 0.071446
v 0.594475 0.146212 0.054348
v 0.515786 0.119748 0.029922
v 0.709813 0.214223 0.055569
v 0.645137 0.162884 0.022594
v 0.703345 0.190142 0.020151
v 0.739994 0.214223 0.022594
v 0.741072 0.074760 0.823766
v 0.746462 0.081640 0.806668
v 0.778800 0.069202 0.824988
v 0.790657 0.091432 0.817660
v 0.834852 0.040886 0.823766
v 0.854254 0.047502 0.816439
v 0.916774 0.006484 0.806668
v 0.791735 0.108369 0.827430
v 0.885514 0.053060 0.829873
v 0.811138 0.107046 0.850635
v 0.884436 0.057294 0.846971
v 0.815449 0.082170 0.873840
v 0.922164 0.007807 0.857963
v 0.908151 -0.008336 0.859184
v 1.006242 -0.098048 0.839643
v 0.974982 -0.087992 0.839643
v 1.009475 -0.139596 0.833537
v 0.985761 -0.129540 0.820103
v 0.990073 -0.130069 0.795676
v 0.967436 -0.088786 0.799341
v 1.000852 -0.086404 0.792013
v 0.931865 -0.043797 0.804226
v 0.744306 0.113132 0.809111
v 0.762631 0.130863 0.838422
v 0.730293 0.128746 0.834758
v 0.751852 0.120542 0.859184
v 0.723826 0.110751 0.860405
v 0.808982 0.064968 0.870176
v 0.915696 -0.039563 0.834758
v 0.968514 -0.095137 0.824988
v 0.931865 -0.043797 0.804226
v 0.964203 -0.026596 0.806668
v 1.000852 -0.086404 0.792013
v 1.004086 -0.067615 0.827430
v 1.026722 -0.122395 0.806668
v 0.950190 -0.000397 0.827430
v 0.838086 0.030036 0.846971
v 0.762631 0.075289 0.851856
v 0.730293 0.087727 0.850635
v 0.741072 0.074760 0.823766
v 0.778800 0.069202 0.824988
v 0.834852 0.040886 0.823766
v -0.054435 0.038769 -0.756595
v 0.037188 0.050413 -0.743161
v -0.114799 0.059940 -0.743161
v -0.017786 0.086668 -0.750489
v -0.136357 0.072378 -0.754152
v -0.015630 0.094872 -0.765144
v -0.101864 0.080582 -0.783464
v 0.082461 0.091432 -0.792013
v -0.059825 0.055441 -0.789570
v 0.129890 0.074760 -0.796898
v -0.046890 0.039828 -0.776136
v 0.111565 0.053854 -0.779800
v -0.054435 0.038769 -0.756595
v 0.037188 0.050413 -0.743161
v -0.126656 0.030036 -0.783464
v -0.169773 0.024214 -0.765144
v -0.188098 0.035329 -0.784685
v -0.187020 0.045121 -0.762702
v -0.183786 0.055177 -0.788349
v -0.170851 0.062587 -0.750489
v -0.164383 0.070790 -0.777357
v -0.139591 0.066027 -0.787127
v 1.017021 -0.132715 0.792013
v 0.108331 0.058088 -0.750489
v 0.223669 0.070790 -0.756595
v 0.458656 0.099106 -0.773693
v 0.512553 0.111015 -0.790791
v 0.545968 0.119483 -0.760259
v 0.554592 0.127423 -0.793234
v 0.559981 0.143036 -0.772472
v 0.529799 0.147270 -0.794455
v 0.541657 0.152298 -0.776136
v 0.464046 0.142771 -0.792013
v 0.395059 0.135626 -0.765144
v 0.424163 0.130069 -0.796898
v 0.359488 0.137214 -0.779800
v 0.220435 0.110221 -0.796898
v 0.218279 0.121336 -0.773693
v 0.142825 0.111280 -0.778578
v 0.173007 0.099636 -0.745603
v 0.069526 0.096989 -0.759038
v 0.086773 0.075554 -0.741939
v 0.417695 0.113132 -0.799341
v 0.237682 0.083228 -0.794455
v 0.537345 0.142507 -0.757816
v 0.448955 0.113132 -0.751710
v 0.303435 0.080847 -0.752931
v 0.537345 0.142507 -0.757816
v 0.234448 0.098048 -0.745603
v 0.273254 0.124247 -0.763923
v 0.180552 0.080317 -0.740718
v 0.223669 0.070790 -0.756595
v 0.108331 0.058088 -0.750489
v 0.448955 0.113132 -0.751710
v 0.303435 0.080847 -0.752931
v 1.031034 -0.157591 0.076331
v 1.076307 -0.201786 0.145945
v 0.974982 -0.207078 0.122741
v 0.987917 -0.256830 0.250977
v 0.950190 -0.222692 0.175256
v 0.871501 -0.242275 0.192355
v 0.869345 -0.206020 0.081216
v 0.790657 -0.238835 0.092208
v 0.831618 -0.224280 -0.003053
v 0.739994 -0.245980 0.077552
v 0.796047 -0.240687 -0.099536
v 0.702267 -0.243334 -0.128847
v 0.756163 -0.239364 -0.166707
v 0.627891 -0.258153 -0.131290
v 0.724904 -0.264504 -0.198461
v 0.695800 -0.260006 -0.332804
v 0.758319 -0.257624 -0.288837
v 0.700111 -0.245715 -0.397533
v 0.764787 -0.253125 -0.379213
v 0.663462 -0.162619 -0.441500
v 0.721670 -0.147270 -0.426844
v 0.970670 -0.187495 0.050684
v 0.972826 -0.195964 -0.025037
v 1.007320 -0.156268 0.007938
v 0.980372 -0.170558 -0.047020
v 0.886592 -0.222427 -0.020152
v 0.898449 -0.221104 -0.105642
v 0.848865 -0.244657 -0.187470
v 0.802514 -0.250479 -0.236321
v 0.877969 -0.189877 -0.196019
v 0.818683 -0.235130 -0.263190
v 0.814371 -0.225603 -0.327919
v 0.786345 -0.207872 -0.401197
v 0.835930 -0.166324 -0.319370
v 0.775566 -0.157327 -0.408525
v 0.931865 -0.188289 -0.112970
v 0.907073 -0.160238 -0.115413
v 0.937254 -0.142507 -0.092208
v 0.639748 -0.260270 0.283952
v 0.303435 -0.240952 -0.458598
v 0.183786 -0.236718 0.246092
v 0.042578 -0.226397 -0.613703
v -0.139591 -0.216076 -0.630801
v -0.007006 -0.219252 -0.651563
v -0.072760 -0.212371 -0.706522
v 0.720592 -0.252331 0.225330
v 0.909229 -0.269797 0.279067
v 0.995462 -0.261064 0.335247
v 1.045047 -0.249950 0.296165
v 0.831618 -0.270856 0.351124
v 0.661306 -0.260006 0.462262
v 0.576150 -0.258947 0.518442
v 0.492072 -0.253654 0.644235
v -0.078150 -0.224015 0.956888
v 0.041500 -0.231160 0.950782
v -0.067370 -0.220575 1.068026
v 0.015630 -0.210783 1.027723
v 0.014552 -0.222163 1.119321
v 0.109409 -0.227984 1.011847
v 0.098630 -0.201256 1.090010
v 0.139591 -0.227191 1.082682
v 0.107253 -0.201785 1.137640
v 0.150370 -0.217664 1.146190
v 0.123422 -0.195170 1.187714
v 0.197799 -0.228514 1.165730
v 0.206422 -0.192523 1.228017
v 0.286189 -0.228249 1.132755
v 0.316371 -0.194905 1.144968
v 0.331461 -0.233013 1.060699
v 0.398293 -0.168706 1.111993
v 0.402604 -0.234336 1.020396
v 0.457579 -0.149652 1.111993
v 0.513631 -0.167118 1.043600
v 0.259241 -0.241216 1.071690
v 0.360565 -0.247832 0.988642
v 0.375656 -0.249156 0.776136
v 0.555669 -0.231689 0.645457
v 0.660228 -0.240158 0.561187
v 0.783111 -0.260270 0.457377
v 0.819761 -0.239364 0.501343
v 0.932943 -0.227455 0.476917
v 0.895216 -0.191465 0.535540
v 0.763709 -0.215282 0.575843
v 0.706579 -0.232219 0.595384
v 0.592319 -0.230102 0.737054
v 0.487760 -0.226661 0.795676
v 0.422007 -0.239364 0.889717
v 0.452189 -0.233807 0.972765
v 0.515786 -0.194376 1.011847
v 0.539501 -0.204167 0.903151
v 0.617111 -0.164736 0.922692
v 0.558903 -0.213430 0.854299
v 0.646215 -0.167912 0.854299
v 0.617111 -0.213694 0.820103
v 0.706579 -0.182202 0.745603
v 0.696878 -0.219781 0.662555
v 0.759397 -0.217928 0.624695
v 0.812215 -0.180085 0.602711
v 0.862878 -0.143830 0.595384
v 0.474825 -0.235924 0.842086
v 0.724904 -0.145683 0.776136
v 0.796047 -0.149917 0.704079
v 0.852099 -0.152034 0.634465
v 0.857488 -0.159973 -0.266854
v 0.858566 -0.172411 -0.220444
v 0.237682 -0.235394 -0.544089
v 0.296968 -0.224015 -0.540425
v 0.469436 -0.241216 -0.484245
v 0.556747 -0.252861 -0.398754
v 0.553514 -0.227720 -0.459819
v 0.056591 -0.202844 1.195041
v -0.077072 -0.210519 1.221910
v -0.000539 -0.186437 1.242672
v -0.077072 -0.136156 1.242672
v 0.093240 -0.059940 1.243893
v -0.262474 -0.102547 1.243893
v 0.067370 -0.147800 1.236566
v 0.156838 -0.104135 1.239008
v 0.290500 -0.132715 1.241451
v 0.170851 -0.156003 1.241451
v 0.120188 -0.155739 1.218246
v 0.480215 -0.109692 1.182829
v 0.407994 -0.137479 1.186492
v 0.403682 -0.117102 1.241451
v -0.280799 -0.204696 -0.876282
v -0.251695 -0.167118 -0.833537
v -0.268942 -0.208931 -0.800562
v -0.619267 -0.188024 -0.430508
v -0.511475 -0.195170 0.236321
v -0.273254 -0.212106 0.887274
v -0.194565 -0.205755 0.983757
v -0.220435 -0.208666 1.058256
v -0.157916 -0.215282 1.195041
v -0.309903 -0.201256 0.955667
v -0.471592 -0.199668 0.903151
v -1.019177 -0.165001 0.391427
v -1.028878 -0.164472 0.282731
v -1.074151 -0.148858 0.320591
v -1.084930 -0.116043 0.280288
v -1.087086 -0.107839 0.398754
v -1.092476 0.086139 0.130068
v -1.094631 0.175057 0.169150
v -1.061216 0.217399 0.121519
v -1.039657 0.257095 0.141060
v -1.051515 0.250479 0.078774
v -0.953424 0.244392 0.026258
v -1.076307 0.250743 0.004275
v -1.064450 0.236718 -0.051905
v -1.094631 0.192788 -0.032364
v -1.087086 0.150975 -0.053127
v -1.093553 0.147800 0.064118
v -1.096787 0.048296 -0.075110
v -1.092476 -0.066291 -0.155716
v -1.086008 -0.127952 -0.036028
v -1.077385 -0.161296 0.189912
v -1.032112 -0.164207 -0.038471
v -1.057982 -0.161825 -0.307157
v -1.001930 -0.161825 -0.474475
v -0.951268 -0.167118 -0.578285
v -1.022411 -0.144624 -0.586834
v -1.026722 -0.145153 -0.641793
v -1.065528 -0.093814 -0.605154
v -1.087086 -0.049355 -0.650342
v -1.095709 0.055706 -0.585613
v -1.097865 0.094078 -0.688202
v -1.071995 0.188289 -0.585613
v -1.081696 0.221369 -0.684538
v -1.059060 0.238835 -0.624695
v -1.090320 -0.070526 -0.820103
v -1.064450 -0.131127 -0.705300
v -1.008397 -0.160767 -0.718735
v -0.927553 -0.170294 -0.804226
v -0.517942 -0.193317 -0.879946
v -0.399371 -0.200727 -0.921470
v -1.053670 -0.116043 -0.838422
v -1.088164 -0.086933 -0.928798
v -1.098943 0.200727 -0.973986
v -1.093553 -0.058617 -1.036273
v -1.101099 0.177174 -1.121763
v -1.093553 -0.017863 -1.147411
v -1.092476 0.099371 -1.188935
v -1.092476 -0.005425 -1.215804
v -1.064450 -0.025802 -1.245115
v -1.074151 -0.068673 -1.207255
v -1.073073 -0.126099 -1.226795
v -1.084930 -0.116308 -1.151075
v -1.066606 -0.144095 -1.111993
v -1.068761 -0.125041 -1.035051
v -0.993307 -0.166060 -1.010625
v -1.034268 -0.158914 -0.931241
v -1.003008 -0.149387 -0.805447
v -1.070917 -0.129540 -0.914143
v -1.082774 -0.161031 0.496458
v -1.098943 -0.017334 0.673547
v -1.091398 -0.157591 0.746825
v -1.094631 -0.087462 0.816439
v -1.071995 -0.165530 0.816439
v -1.090320 -0.158385 0.859184
v -1.083852 -0.163678 1.103444
v -1.096787 -0.132186 1.173058
v -0.980372 -0.170294 1.234123
v -1.063372 -0.091432 1.239008
v -0.956657 -0.114720 1.241451
v -1.013787 0.009130 1.235344
v -0.714124 -0.185378 1.015510
v -0.600943 -0.191200 0.993527
v -0.617111 -0.169764 1.061920
v -0.568605 -0.182996 1.050928
v -0.551358 -0.172146 1.115657
v -0.525488 -0.188554 1.060699
v -0.537345 -0.192788 1.118100
v -0.433864 -0.194640 1.061920
v -0.487760 -0.195699 1.162066
v -0.438176 -0.190142 1.188935
v -0.458656 -0.136685 1.229238
v -0.430631 -0.145153 1.239008
v -0.378890 -0.081111 1.226795
v -0.371345 -0.172675 1.223131
v -0.347630 -0.129540 1.229238
v -0.314215 -0.196757 1.207255
v -0.315293 -0.138537 1.241451
v -0.254929 -0.202315 1.218246
v -0.197799 -0.181144 1.243893
v -0.138513 -0.202844 1.241451
v -0.465124 -0.189612 0.969101
v -0.319604 -0.195699 1.044822
v -0.293734 -0.208137 1.155960
v -0.371345 -0.186966 1.076575
v -0.378890 -0.198081 1.162066
v -1.086008 0.246774 0.239985
v -1.098943 0.235659 0.334025
v -1.096787 0.118160 0.446385
v -1.081696 0.184055 0.454934
v -1.082774 0.165530 0.498901
v -1.090320 0.233542 0.443942
v -1.048281 0.244921 0.505007
v -1.101099 0.161296 0.561187
v -1.076307 0.221633 0.535540
v -1.036424 0.261064 0.586834
v -1.101099 0.194905 0.854299
v -1.098943 0.208931 0.625916
v -1.090320 0.243334 0.727284
v -1.060138 0.224809 0.668661
v -1.042891 0.247568 0.735833
v -1.024566 0.225603 0.623473
v -1.101099 0.105458 1.046043
v -1.100021 0.036652 1.164509
v -1.092476 -0.022097 1.209697
v -1.060138 0.067879 1.210918
v -1.097865 0.147006 1.220689
v -1.100021 0.097519 1.169394
v -1.067683 0.157062 1.143747
v -1.069839 0.217664 1.074133
v -1.103255 0.193582 0.989863
v -1.066606 0.247568 0.982535
v -1.032112 0.254713 0.853078
v -1.087086 0.224809 0.805447
v -1.020255 0.075554 1.242672
v -1.032112 0.111545 1.225574
v -1.042891 0.208137 1.208476
v -1.053670 0.207343 1.169394
v -1.046125 0.239099 1.177943
v -1.039657 0.253390 1.118100
v -1.051515 0.244392 1.053371
v -0.521176 -0.050678 1.239008
v -0.506085 -0.102282 1.242672
v -0.512553 -0.178762 1.215804
v -0.548124 -0.168706 1.225574
v -0.583696 -0.162090 1.137640
v -0.646215 -0.171881 1.138862
v -0.682865 -0.171352 1.096116
v -0.679631 -0.154680 1.142526
v -0.761553 -0.179027 1.114436
v -0.820839 -0.121865 1.226795
v -0.861800 -0.171352 1.193820
v -0.884436 -0.132715 1.237787
v -0.923242 -0.150446 1.223131
v -0.900605 -0.173999 1.132755
v -0.936177 -0.172940 1.191378
v -0.996540 0.233277 1.197484
v -0.604176 -0.090638 1.237787
v -0.571838 -0.134039 1.215804
v -0.571838 -0.139067 1.179165
v -0.659150 -0.128481 1.182829
v -0.709813 -0.089844 1.213361
v -0.700111 -0.139331 1.209697
v -0.756163 -0.131128 1.217025
v -1.095709 0.212900 0.033586
v -1.100021 0.199404 -0.840865
v -1.092476 0.242804 -0.868955
v -1.063372 0.258682 -0.857963
v -1.068761 0.257889 -0.933684
v -1.019177 0.260800 -1.006961
v -1.095709 0.242804 -1.048486
v -1.039657 0.230366 -0.574621
v -1.067683 0.224809 -0.512335
v -1.024566 0.248362 -0.519663
v -1.056904 0.210519 -0.440278
v -1.015943 0.248362 -0.396312
v -1.078463 0.196758 -0.382877
v -1.043969 0.260270 -0.320591
v -1.065528 0.198874 -0.279067
v -1.053670 0.238305 -0.202125
v -1.081696 0.202579 -0.208232
v -1.039657 0.218987 -0.142281
v -1.078463 0.181673 -0.116634
v -1.049359 0.230366 -0.098315
v -1.090320 0.166060 -0.475696
v -1.094631 0.095666 -0.467147
v -1.092476 0.011247 -0.536761
v -1.081696 0.052531 -0.432951
v -1.071995 -0.028448 -0.456155
v -1.092476 0.070790 -0.354788
v -1.089242 -0.095401 -0.406082
v -1.088164 -0.023156 -0.280288
v -1.096787 0.076612 -0.192355
v -1.088164 0.116043 -0.108085
v -1.088164 0.179556 -0.287616
v -1.097865 0.149123 -0.141060
v -0.990073 0.258947 -0.062897
v -1.029956 0.254977 -0.141060
v -1.004086 0.262917 -0.244871
v -0.493150 -0.177968 -0.991084
v -0.519020 -0.191994 -0.982535
v -0.603098 -0.182467 -0.986199
v -0.665618 -0.181673 -1.041158
v -0.826228 -0.172940 -1.208476
v -1.038579 -0.161561 -1.206033
v -1.097865 0.162884 -0.719956
v -1.071995 0.231160 -0.745603
v -0.521176 -0.050678 1.239008
v -0.378890 -0.081111 1.226795
v -0.466202 -0.006748 1.245115
v -0.262474 -0.102547 1.243893
v -0.222591 0.186172 1.245115
v -0.116955 0.226397 1.245115
v -0.205344 0.221104 1.215804
v -0.101864 0.262387 1.193820
v -0.222591 0.236718 1.168173
v -0.244150 0.265563 1.115657
v -0.281877 0.251537 1.219467
v -0.444644 0.259476 1.193820
v -0.440332 0.232219 1.245115
v -0.501774 0.247832 1.219467
v -0.523332 0.215811 1.241451
v -0.580462 0.261593 1.215804
v -0.604176 0.225868 1.232902
v -0.638670 0.259212 1.158402
v -0.674241 0.258153 1.217025
v -0.711969 0.261593 1.129091
v -0.710891 0.249950 1.193820
v -0.772332 0.252861 1.173058
v -0.773410 0.241746 1.218246
v -0.891982 0.209195 1.230459
v -0.818683 0.179027 1.243893
v -0.948034 0.155210 1.239008
v -0.973904 0.080847 1.242672
v -0.998696 0.157591 1.217025
v -1.032112 0.111545 1.225574
v -1.042891 0.208137 1.208476
v -0.679631 0.217664 1.245115
v -0.705501 0.165266 1.243893
v -0.514709 0.125041 1.246336
v -0.691488 0.009395 1.241451
v -0.867190 -0.054912 1.241451
v -1.013787 0.009130 1.235344
v -1.020255 0.075554 1.242672
v -0.956657 -0.114720 1.241451
v -0.884436 -0.132715 1.237787
v -0.820839 -0.121865 1.226795
v -0.756163 -0.131128 1.217025
v -0.709813 -0.089844 1.213361
v -0.604176 -0.090638 1.237787
v 0.093240 -0.059940 1.243893
v -0.001617 0.222957 1.245115
v 0.058747 0.262652 1.231680
v 0.121266 0.267945 1.166952
v 0.135279 0.230631 1.242672
v 0.165461 0.264504 1.218246
v 0.289422 0.257888 1.241451
v 0.229059 0.267945 1.103444
v 0.339007 0.264240 1.210918
v 0.424163 0.267945 1.206033
v 0.396137 0.257624 1.239008
v 0.429553 0.216341 1.235344
v 0.385358 0.199933 1.250000
v 0.447877 0.107046 1.242672
v 0.329306 0.205755 1.242672
v 0.121266 0.167383 1.246336
v 0.290500 -0.132715 1.241451
v 0.403682 -0.117102 1.241451
v 0.505007 0.026596 1.240230
v 0.494228 0.104399 1.237787
v 0.525488 0.044062 1.164509
v 0.524410 0.136950 1.171837
v 0.568605 0.116837 1.103444
v 0.544890 0.263181 1.131534
v 0.645137 0.210519 1.009404
v 0.673163 0.262652 0.989863
v 0.688254 0.166324 0.941011
v 0.716280 0.217664 0.893380
v 0.728137 0.135362 0.849414
v 0.751852 0.160502 0.834758
v 0.742150 0.117366 0.811553
v 0.768021 0.185907 0.793234
v 0.789579 0.134303 0.751710
v 0.769099 0.225338 0.733390
v 0.811138 0.191200 0.689423
v 0.748618 0.231425 0.616146
v 0.822995 0.176910 0.629580
v 0.814371 0.208931 0.564851
v 0.871501 0.171352 0.509892
v 0.866112 0.178762 0.465926
v 0.877969 0.193053 0.404861
v 0.771254 0.227455 0.385320
v 0.839163 0.205755 0.336468
v 0.721670 0.210783 0.325476
v 0.735683 0.141184 0.211895
v 0.688254 0.192259 0.257084
v 0.674241 0.143036 0.177699
v 0.620345 0.199668 0.269297
v 0.595553 0.189348 0.225330
v 0.535189 0.177968 0.248534
v 0.533033 0.140655 0.181363
v 0.496384 0.159179 0.210674
v 0.500695 0.138537 0.122741
v 0.448955 0.133245 0.119077
v 0.451111 0.142507 0.073889
v 0.428475 0.105987 0.049463
v 0.508241 0.102811 0.029922
v 0.479137 0.115779 -0.025037
v 0.548124 0.117366 -0.031143
v 0.524410 0.147270 -0.073889
v 0.589085 0.132186 -0.105642
v 0.516864 0.161296 -0.134954
v 0.555669 0.175851 -0.169150
v 0.496384 0.191465 -0.215559
v 0.543812 0.188818 -0.228994
v 0.458656 0.197816 -0.268075
v 0.500695 0.172146 -0.320591
v 0.442488 0.218193 -0.320591
v 0.486682 0.138802 -0.397533
v 0.428475 0.182202 -0.420738
v 0.452189 0.101224 -0.448828
v 0.363799 0.162619 -0.523327
v 0.381046 0.110751 -0.529433
v 0.305591 0.160502 -0.559966
v 0.248461 0.146741 -0.622252
v 0.271098 0.205755 -0.583170
v 0.195643 0.188024 -0.588056
v 0.239838 0.223750 -0.496458
v 0.194565 0.235394 -0.496458
v 0.268942 0.239893 -0.288837
v 0.151448 0.244392 -0.434172
v 0.144981 0.247568 -0.287616
v 0.079227 0.269003 -0.358451
v 0.079227 0.269533 -0.231436
v -0.092162 0.268209 -0.407303
v -0.768021 0.262917 -0.338911
v -0.320682 0.267415 -0.507450
v -0.358410 0.267415 -0.671104
v -0.276487 0.265828 -0.588056
v -0.290500 0.256830 -0.657670
v -0.127734 0.251273 -0.641793
v -0.212890 0.255507 -0.718735
v -0.132046 0.236982 -0.701637
v -0.136357 0.244127 -0.748046
v -0.084617 0.200198 -0.766365
v -0.126656 0.197287 -0.821324
v -0.075994 0.145153 -0.806668
v -0.136357 0.123188 -0.806668
v -0.115877 0.073172 -0.770029
v -0.226903 0.121601 -0.824988
v -0.164383 0.044856 -0.777357
v -0.178396 0.026067 -0.795677
v -0.058747 0.044856 -0.760259
v -0.051201 -0.033476 -0.773693
v -0.029643 -0.016540 -0.729727
v -0.031799 -0.081111 -0.743161
v 0.011318 -0.043533 -0.716292
v 0.024253 -0.108633 -0.669883
v 0.069526 -0.031889 -0.717513
v 0.084617 -0.153886 -0.627137
v 0.167617 -0.079259 -0.634465
v 0.123422 -0.171617 -0.619809
v 0.222591 -0.158385 -0.570958
v 0.130968 -0.215811 -0.612482
v 0.201033 -0.224280 -0.583170
v 0.042578 -0.226397 -0.613703
v 0.237682 -0.235394 -0.544089
v 0.303435 0.214223 -0.519663
v 0.333617 0.220046 -0.367001
v 0.318526 0.218722 -0.226551
v 0.390747 0.182732 -0.198461
v 0.420929 0.157856 -0.170371
v 0.429553 0.159444 -0.082438
v 0.387513 0.141448 -0.086102
v 0.328228 0.148594 -0.069003
v 0.364877 0.108369 -0.033586
v 0.292656 0.085345 0.010381
v 0.413384 0.105458 0.099536
v 0.447877 0.154151 0.170371
v 0.417695 0.139331 0.214338
v 0.453267 0.174528 0.291280
v 0.400449 0.145153 0.271739
v 0.403682 0.138537 0.336468
v 0.307747 0.207608 0.342574
v 0.383202 0.174793 0.377992
v 0.345475 0.197551 0.426844
v 0.384280 0.209195 0.419516
v 0.365955 0.269268 0.501343
v 0.457579 0.194905 0.374328
v 0.458656 0.269268 0.452491
v 0.506085 0.216870 0.349902
v 0.616033 0.230896 0.367000
v 0.552436 0.208666 0.335247
v 0.365955 0.137214 0.170371
v 0.282955 0.119748 0.087323
v 0.237682 0.150446 0.060454
v 0.263552 0.127158 -0.021373
v 0.253851 0.161825 -0.033586
v 0.292656 0.180085 -0.076331
v 0.271098 0.206284 -0.144724
v 0.183786 0.207608 -0.088544
v 0.151448 0.234600 -0.121519
v 0.092162 0.258153 -0.086102
v 0.268942 0.179556 0.147167
v 0.187020 0.198345 0.148388
v 0.133124 0.211312 0.061676
v 0.106175 0.239364 0.181363
v 0.042578 0.258418 0.087323
v 0.104020 0.257888 0.249756
v 0.026409 0.268474 0.279067
v 0.185942 0.263711 0.359673
v 0.169773 0.269533 0.446385
v 0.244150 0.242010 0.363337
v 0.249539 0.236188 0.440278
v 0.288344 0.200727 0.445164
v 0.217202 0.269797 0.547753
v 0.238760 0.270856 0.722399
v 0.621423 0.270591 0.431729
v 0.663462 0.247568 0.376771
v 0.661306 0.210783 0.341353
v -0.431709 0.269533 0.539204
v 0.687176 0.269003 0.921470
v 0.687176 0.269268 0.723620
v 0.733527 0.263975 0.901930
v 0.758319 0.251802 0.807890
v 0.474825 0.254448 1.191378
v 0.465124 0.219516 1.226795
v 0.488838 0.136420 1.213361
v 0.743228 0.249685 0.403639
v 0.804670 0.189877 0.495237
v 0.662384 0.264769 0.497680
v 0.723826 0.257624 0.622252
v 0.235526 0.215017 0.258305
v 0.150370 0.237511 0.260747
v 0.296968 -0.224015 -0.540425
v 0.291578 -0.137479 -0.559966
v 0.410150 -0.177968 -0.514778
v 0.469436 -0.241216 -0.484245
v 0.487760 -0.217399 -0.492794
v 0.553514 -0.227720 -0.459819
v 0.505007 -0.158914 -0.483024
v 0.548124 -0.137744 -0.457377
v 0.506085 -0.114191 -0.507450
v 0.617111 -0.063645 -0.475696
v 0.617111 -0.031359 -0.485466
v 0.662384 -0.059676 -0.451270
v 0.596631 0.010718 -0.478139
v 0.633280 0.030565 -0.441500
v 0.605254 0.071055 -0.463483
v 0.641903 0.076348 -0.401197
v 0.583696 0.083758 -0.386541
v 0.647293 0.084022 -0.324255
v 0.558903 0.126629 -0.298608
v 0.605254 0.193846 -0.221666
v 0.507163 0.063645 -0.437836
v 0.470514 0.051737 -0.494016
v 0.416617 0.073437 -0.498901
v 0.418773 0.028448 -0.551417
v 0.397215 0.070790 -0.564851
v 0.345475 0.052530 -0.579507
v 0.554592 0.055177 -0.458598
v 0.542735 0.025537 -0.492794
v 0.475903 -0.016804 -0.540425
v 0.357332 -0.016275 -0.555081
v 0.278643 0.031095 -0.611260
v 0.241994 0.085875 -0.633244
v 0.241994 0.044327 -0.663776
v 0.178396 0.072907 -0.721177
v 0.245228 -0.003308 -0.647899
v 0.168695 -0.017863 -0.699194
v 0.189176 -0.050413 -0.624695
v 0.481293 -0.061793 -0.535540
v 0.381046 -0.076348 -0.568515
v 0.291578 -0.031359 -0.595384
v 0.119110 -0.000397 -0.726062
v 0.118033 0.083758 -0.751710
v 0.060903 0.040357 -0.732169
v 0.058747 0.101488 -0.741939
v -0.013474 0.093814 -0.763923
v -0.070604 0.182996 -0.739497
v -0.049046 0.186172 -0.704079
v 0.008084 0.176116 -0.673547
v -0.096474 0.231689 -0.596605
v -0.009162 0.252331 -0.524548
v -0.064137 0.259212 -0.478139
v 0.057669 0.242275 -0.485466
v 0.147137 0.225338 -0.535540
v 0.096474 0.183790 -0.623473
v 0.163305 0.140125 -0.683317
v 0.002695 0.013893 -0.721177
v 0.663462 -0.162619 -0.441500
v 0.666696 -0.099636 -0.468368
v 0.721670 -0.147270 -0.426844
v 0.722748 -0.110751 -0.374328
v 0.717358 -0.055442 -0.353566
v 0.756163 -0.111280 -0.319370
v 0.718436 -0.043533 -0.285174
v 0.756163 -0.061263 -0.231436
v 0.715202 -0.000662 -0.271739
v 0.749696 0.010188 -0.182584
v 0.681787 0.059146 -0.225330
v 0.674241 0.063910 -0.152052
v 0.656994 0.098842 -0.185027
v 0.647293 0.123188 -0.103200
v 0.606332 0.144624 -0.133732
v 0.742150 0.007013 -0.128847
v 0.701189 0.075289 -0.110528
v 0.755085 0.030036 -0.071446
v 0.727059 0.074231 0.003053
v 0.779878 0.062057 -0.042135
v 0.731371 0.110751 0.040913
v 0.817605 0.126364 0.043356
v 0.821917 0.135097 0.122741
v 0.893060 0.149387 0.053127
v 0.946956 0.123453 0.164265
v 0.940488 0.096725 0.028701
v 0.978216 0.089050 0.059233
v 0.965281 -0.009659 -0.003053
v 1.020255 -0.004896 0.038471
v 1.067683 -0.040093 0.072667
v 1.013787 0.014158 0.090987
v 1.025644 -0.021039 0.137396
v 0.980372 0.082964 0.131290
v 0.967436 0.073172 0.224108
v 0.899527 0.139331 0.238764
v 0.875813 0.128216 0.183805
v 0.812215 0.116572 0.169150
v 0.778800 0.123453 0.127626
v 0.762631 0.109163 0.095872
v 0.719514 0.122659 0.160601
v 0.623579 0.136685 0.147167
v 0.765865 -0.047502 -0.122741
v 0.810060 -0.036652 -0.066561
v 0.829462 -0.082964 -0.094651
v 0.887670 -0.065233 -0.075110
v 0.968514 -0.084287 -0.059233
v 1.053670 -0.086139 0.032364
v 1.096787 -0.077406 0.109306
v 1.059060 -0.045915 0.141060
v 1.057982 -0.097519 0.189912
v 1.022410 -0.051472 0.192355
v 1.007320 -0.030830 0.275403
v 0.941566 0.095402 0.335247
v 0.973904 0.010982 0.360894
v 0.915696 0.035329 0.429287
v 0.964203 -0.037975 0.390205
v 0.877969 -0.030301 0.500122
v 0.902761 -0.119483 0.481803
v 0.856410 -0.084816 0.580728
v 0.862878 -0.143830 0.595384
v 0.852099 -0.152034 0.634465
v 0.895216 -0.191465 0.535540
v 0.902761 -0.158121 0.475696
v 0.991151 -0.143565 0.315706
v 0.985761 -0.057029 0.343796
v 1.039657 -0.118160 0.286395
v 0.796047 0.135362 0.230215
v 0.883358 0.174263 0.308378
v 0.904917 0.104135 0.447606
v 0.900605 0.070790 0.468368
v 0.840241 0.014423 0.525769
v 0.844553 0.094078 0.577064
v 0.802514 0.090373 0.600269
v 0.831618 0.139596 0.616146
v 0.787423 0.093284 0.733390
v 0.852099 0.128746 0.536761
v 0.666696 0.107575 -0.007938
v 0.664540 0.100694 0.027479
v 0.570760 0.083493 0.021373
v 0.585851 0.121601 0.064118
v 0.625735 0.129010 -0.016487
v 0.825150 0.012306 0.575843
v 0.807904 -0.045915 0.623473
v 0.807904 -0.087462 0.635686
v 0.789579 -0.013629 0.701637
v 0.804670 -0.102282 0.690645
v 0.765865 -0.063380 0.743161
v 0.796047 -0.149917 0.704079
v 0.724904 -0.145683 0.776136
v 0.775566 -0.002779 0.654006
v 0.794969 0.046973 0.646678
v 0.773410 -0.008601 0.782242
v 0.739994 0.033741 0.823766
v 0.711969 0.042474 0.893380
v 0.723826 0.079523 0.916585
v 0.717358 -0.001985 0.915364
v 0.675319 0.005690 0.982535
v 0.685020 -0.069996 0.973986
v 0.636514 -0.059411 1.036273
v 0.617111 -0.164736 0.922692
v 0.609566 -0.138273 0.983757
v 0.513631 -0.167118 1.043600
v 0.565371 -0.078994 1.046043
v 0.521176 -0.110751 1.055813
v 0.584774 -0.055177 1.069248
v 0.550280 -0.052266 1.110772
v 0.604176 0.004102 1.103444
v 0.580462 0.027919 1.111993
v 0.627891 0.004366 1.066805
v 0.646215 0.104399 1.009404
v 0.750774 0.071055 0.818881
v 0.728137 0.089579 0.860405
v 0.702267 0.089579 0.824988
v 0.775566 -0.157327 -0.408525
v 0.835930 -0.166324 -0.319370
v 0.814371 -0.144889 -0.272960
v 0.857488 -0.159973 -0.266854
v 0.848865 -0.132715 -0.204568
v 0.858566 -0.172411 -0.220444
v 0.877969 -0.189877 -0.196019
v 0.772332 -0.064968 -0.175256
v -0.852099 0.264769 0.137396
v -0.805748 0.266092 0.480581
v -0.979294 0.263711 0.269297
v -1.041813 0.262917 0.428065
v -1.052592 0.262123 0.324255
v -1.090320 0.233542 0.443942
v -1.098943 0.235659 0.334025
v -0.012396 0.268209 0.020151
v 0.121266 0.233542 -0.005496
v 0.229059 0.182732 -0.017709
v -0.910306 0.262387 -0.039692
v -0.907073 0.254977 0.104421
v -1.039657 0.257095 0.141060
v -1.086008 0.246774 0.239985
v -0.953424 0.244392 0.026258
v -0.990073 0.258947 -0.062897
v -1.004086 0.262917 -0.244871
v -1.043969 0.260270 -0.320591
v -1.015943 0.248362 -0.396312
v -0.958813 0.261858 -0.618588
v -1.024566 0.248362 -0.519663
v -1.039657 0.230366 -0.574621
v -0.507163 0.266357 -0.978872
v -1.028878 0.260006 -0.752931
v -0.855332 0.263446 -0.980093
v -1.063372 0.258682 -0.857963
v -1.019177 0.260800 -1.006961
v -0.883359 0.256036 -1.032609
v -0.814371 0.262917 -1.097338
v -1.025644 0.263446 -1.103444
v -0.926475 0.262387 -1.105887
v -0.984683 0.250743 -1.131534
v -0.910306 0.203109 -1.138862
v -0.949112 0.164736 -1.151075
v -0.863956 0.127423 -1.188935
v -0.934021 0.059676 -1.207255
v -0.852099 0.050678 -1.221910
v -0.959891 -0.010718 -1.234123
v -0.854254 -0.042739 -1.250000
v -0.930787 -0.075025 -1.232902
v -0.798203 -0.076083 -1.239008
v -0.881203 -0.122394 -1.219468
v -0.799280 -0.125041 -1.232902
v -0.826228 -0.172940 -1.208476
v -0.706579 -0.174528 -1.116878
v -0.665618 -0.181673 -1.041158
v -0.681787 -0.105458 -1.152296
v -0.625735 -0.132186 -1.057035
v -0.616033 -0.058352 -1.085125
v -0.543812 -0.049090 -1.035051
v -0.592319 -0.000397 -1.097338
v -0.535189 0.026331 -1.041158
v -0.553514 0.039828 -1.080239
v -0.490994 0.054118 -1.039937
v -0.533033 0.127687 -1.090010
v -0.426319 0.080053 -1.026502
v -0.446799 0.145418 -1.041158
v -0.385358 0.121071 -0.987421
v -0.415540 0.205755 -1.036273
v -0.327150 0.128746 -0.900708
v -0.315293 0.201521 -0.923913
v -0.230137 0.160502 -0.846971
v -0.208578 0.204167 -0.839643
v -0.175163 0.215282 -0.796898
v -0.205344 0.255507 -0.768808
v -0.299124 0.266622 -0.832316
v -0.246306 0.247832 -0.833537
v -0.259241 0.256830 -0.872618
v -0.333617 0.257095 -0.915364
v -0.428475 0.247832 -0.993527
v -0.493150 0.249156 -1.061920
v -0.458656 0.229572 -1.059477
v -0.540579 0.163678 -1.118100
v -0.575072 0.091961 -1.170616
v -0.594475 0.055177 -1.164509
v -0.639748 0.005954 -1.207255
v -0.621423 0.098842 -1.209697
v -0.715202 0.021303 -1.221910
v -0.665618 0.157591 -1.169394
v -0.743228 0.138008 -1.187714
v -0.783112 0.179027 -1.143747
v -0.875813 0.256565 -1.118100
v -0.588007 0.135891 -1.188935
v -0.595553 0.180615 -1.135198
v -0.579384 0.222692 -1.125427
v -0.639748 0.254448 -1.127870
v -0.711969 0.244127 -1.122985
v -0.696878 0.265298 -1.082682
v -1.048281 0.244921 0.505007
v -1.005164 0.260535 0.486688
v -0.868268 0.260800 0.523327
v -0.883359 0.261329 0.666219
v -1.000852 0.264240 0.574621
v -0.951268 0.249156 0.689423
v -1.024566 0.225603 0.623473
v -1.042891 0.247568 0.735833
v -1.036424 0.261064 0.586834
v -0.603098 -0.182467 -0.986199
v -0.568605 -0.149387 -1.014289
v -0.519020 -0.191994 -0.982535
v -0.493150 -0.177968 -0.991084
v -0.500696 -0.099106 -1.006961
v -0.444644 -0.158120 -0.970322
v -0.373500 -0.183261 -0.928798
v -0.384280 -0.132186 -0.934905
v -0.315293 -0.178233 -0.921470
v -0.317449 -0.088786 -0.931241
v -0.278643 -0.114191 -0.897045
v -0.241994 -0.086668 -0.850635
v -0.251695 -0.167118 -0.833537
v -0.202111 -0.099900 -0.827430
v -0.163306 -0.125041 -0.826209
v -0.165461 -0.063380 -0.835980
v -0.115877 -0.091432 -0.800562
v -0.084617 -0.066291 -0.799341
v -0.211812 -0.043533 -0.850635
v -0.295890 -0.025273 -0.936126
v -0.259241 0.037446 -0.895823
v -0.317449 0.064968 -0.955667
v -0.278643 0.069996 -0.877504
v -0.359488 0.045915 -0.994748
v -0.413384 -0.036388 -0.989863
v -0.365955 -0.020509 -0.987421
v -0.457579 -0.091697 -1.005740
v -0.399371 -0.200727 -0.921470
v -0.280799 -0.204696 -0.876282
v -0.646215 -0.031889 -1.212140
v -0.743228 -0.088521 -1.207255
v -1.071995 0.231160 -0.745603
v -1.056904 0.253125 -0.700415
v -1.014865 0.259212 -0.641793
v -1.081696 0.221369 -0.684538
v -1.059060 0.238835 -0.624695
v 0.539501 -0.031889 1.169394
v 0.480215 -0.109692 1.182829
v 0.457579 -0.149652 1.111993
v 0.494228 -0.014158 1.236566
v 0.733527 -0.063645 0.844529
v 0.723826 -0.090903 0.806668
v 0.646215 -0.167912 0.854299
v 0.708735 -0.102018 0.873840
v -0.007006 -0.219252 -0.651563
v -0.072760 -0.212371 -0.706522
v -0.053357 -0.130069 -0.708964
v -0.116955 -0.185113 -0.759038
v -0.110487 -0.139067 -0.783464
v -0.143903 0.251273 -0.569736
v 0.859644 0.047502 -0.015266
v 0.333617 0.189083 -0.505007
v -0.174085 0.012835 -0.846971
v -0.115877 -0.015746 -0.796898
v -0.205344 0.033212 -0.837201
v -0.248461 0.230102 -0.890938
v 0.932943 -0.227455 0.476917
v 1.012709 -0.207608 0.321812
v 1.103255 -0.165795 0.230215
v 1.095709 -0.116043 0.163043
v 1.076307 -0.201786 0.145945
v 1.093553 -0.134833 0.112970
v 1.062294 -0.124512 0.076331
v 1.031034 -0.157591 0.076331
v 1.007320 -0.156268 0.007938
v 0.980372 -0.170558 -0.047020
v 0.937254 -0.142507 -0.092208
v 0.871501 -0.147800 -0.163044
v 0.907073 -0.160238 -0.115413
v 0.995462 -0.261064 0.335247
v 1.045047 -0.249950 0.296165
v 1.095709 -0.218193 0.230215
v 1.097865 -0.206020 0.178920
v -1.073073 -0.126099 -1.226795
v -1.064450 -0.025802 -1.245115
v -1.038579 -0.096725 -1.248779
v -0.965281 -0.157856 -1.242672
v -1.038579 -0.161561 -1.206033
v 0.848865 -0.109957 0.644235
v -1.053670 0.234601 0.594162
v 0.687176 0.040357 -0.338911
v 0.678553 0.001191 -0.429287
v 0.649449 0.146476 -0.218002
v 0.622501 0.145153 -0.176478
v -0.530877 0.259741 1.147411
v -0.671007 0.247303 1.109551
v -0.695800 0.263711 1.075354
v -0.973904 0.260535 1.077797
v -0.804670 0.264240 0.737054
v -0.962047 0.261858 0.756595
v -0.493150 0.265034 1.111993
v -1.032112 0.254713 0.853078
v -1.066606 0.247568 0.982535
v -1.051515 0.244392 1.053371
v -1.039657 0.253390 1.118100
v -0.996540 0.233277 1.197484
v -0.953424 0.251537 1.173058
v -0.914618 0.244127 1.185271
v -0.926475 0.231160 1.234123
v -0.984683 0.206814 1.243893
v 0.515786 0.119748 0.029922
v 0.467280 0.115514 0.009160
v 0.438176 0.094872 0.025037
v 0.375656 0.095666 0.014045
v 0.326072 0.073966 0.033586
v 0.309903 0.088786 0.003053
v 0.286189 0.082434 0.010381
v 0.256007 0.087992 0.016487
v 0.455423 0.131128 0.006717
v 0.339007 0.106252 0.006717
v 0.259241 0.109163 0.017709
v 0.390747 0.135891 0.027479
v 0.282955 0.117896 0.039692
v 0.260319 0.100430 0.056790
v 0.386436 0.111544 0.060454
v -1.095709 0.242804 -1.048486
v -1.077385 0.257889 -1.054592
v -1.079541 0.238041 -1.121763
v -1.092476 0.099371 -1.188935
v -1.101099 0.177174 -1.121763
v 1.071995 -0.243334 0.200904
v 1.097865 -0.206020 0.178920
v 1.095709 -0.218193 0.230215
v 0.293734 0.093020 0.059233
v -1.087086 -0.156533 -0.077552
v -1.067683 -0.106516 -0.492794
v -1.039657 -0.136950 -0.513556
v -1.059060 -0.098313 -0.547753
v -0.858566 0.259741 1.163288
v -1.033190 0.012041 -1.239008
# num_vertices: 1087

vt 0.183587 0.829298
vt 0.148602 0.828591
vt 0.187412 0.834086
vt 0.149699 0.834304
vt 0.148691 0.840127
vt 0.126009 0.844915
vt 0.144303 0.848180
vt 0.092388 0.855199
vt 0.161202 0.851281
vt 0.110711 0.858791
vt 0.140507 0.861185
vt 0.067097 0.866898
vt 0.074687 0.872993
vt 0.065585 0.876203
vt 0.086488 0.880121
vt 0.050494 0.869510
vt 0.049012 0.860804
vt 0.043112 0.858791
vt 0.046699 0.854873
vt 0.045394 0.850574
vt 0.053192 0.852914
vt 0.066712 0.843718
vt 0.082693 0.849812
vt 0.098406 0.841215
vt 0.123697 0.832019
vt 0.063806 0.862382
vt 0.079402 0.833216
vt 0.058292 0.838385
vt 0.042103 0.845078
vt 0.048685 0.759484
vt 0.048597 0.765089
vt 0.061197 0.762423
vt 0.062087 0.770476
vt 0.082100 0.762695
vt 0.086695 0.767918
vt 0.110207 0.765415
vt 0.060693 0.776081
vt 0.094493 0.775373
vt 0.067186 0.783209
vt 0.093603 0.780379
vt 0.073412 0.791589
vt 0.111689 0.784515
vt 0.112905 0.791099
vt 0.148305 0.781304
vt 0.141901 0.788106
vt 0.156310 0.784406
vt 0.153909 0.789412
vt 0.159690 0.790283
vt 0.148898 0.799914
vt 0.160491 0.803723
vt 0.130486 0.806879
vt 0.045009 0.774503
vt 0.051888 0.783590
vt 0.042607 0.786311
vt 0.051591 0.791317
vt 0.045810 0.798282
vt 0.075191 0.796976
vt 0.122896 0.798717
vt 0.145014 0.792405
vt 0.123993 0.755077
vt 0.127403 0.766504
vt 0.152011 0.765687
vt 0.142701 0.774611
vt 0.160105 0.778801
vt 0.118894 0.773686
vt 0.090312 0.801819
vt 0.061612 0.804104
vt 0.050998 0.804811
vt 0.055890 0.813518
vt 0.068105 0.811396
vt 0.088711 0.809491
vt 0.232685 0.908906
vt 0.203214 0.909396
vt 0.249704 0.919408
vt 0.218306 0.922782
vt 0.255100 0.925721
vt 0.217001 0.927625
vt 0.243300 0.934209
vt 0.187204 0.935896
vt 0.231410 0.943514
vt 0.173091 0.942589
vt 0.228208 0.950479
vt 0.179407 0.950588
vt 0.231114 0.956410
vt 0.202592 0.961199
vt 0.253113 0.946888
vt 0.267908 0.950588
vt 0.268797 0.943188
vt 0.273008 0.938181
vt 0.266603 0.938617
vt 0.268412 0.927788
vt 0.261889 0.933611
vt 0.254803 0.936222
vt 0.165709 0.782393
vt 0.180296 0.959784
vt 0.144688 0.957607
vt 0.073294 0.951187
vt 0.056987 0.945582
vt 0.043793 0.949500
vt 0.045098 0.942099
vt 0.039613 0.938617
vt 0.050909 0.936114
vt 0.045513 0.932196
vt 0.070210 0.934318
vt 0.090490 0.925775
vt 0.082811 0.936222
vt 0.101905 0.929584
vt 0.144510 0.935080
vt 0.144895 0.926918
vt 0.167903 0.930291
vt 0.159690 0.918592
vt 0.191207 0.925122
vt 0.186997 0.915817
vt 0.085302 0.941011
vt 0.140300 0.944221
vt 0.040799 0.954506
vt 0.074094 0.959893
vt 0.120406 0.958478
vt 0.045513 0.925612
vt 0.141100 0.914185
vt 0.128292 0.923707
vt 0.158297 0.912280
vt 0.145014 0.905315
vt 0.181512 0.908798
vt 0.073501 0.917177
vt 0.119398 0.908199
vt 0.748899 0.309313
vt 0.770009 0.309422
vt 0.756311 0.328793
vt 0.787501 0.338098
vt 0.766392 0.339078
vt 0.765206 0.358504
vt 0.739411 0.348818
vt 0.737188 0.369006
vt 0.718301 0.352627
vt 0.731495 0.380814
vt 0.694286 0.356382
vt 0.683286 0.377603
vt 0.677090 0.362694
vt 0.678809 0.396812
vt 0.667602 0.370312
vt 0.636086 0.371890
vt 0.649101 0.357688
vt 0.621498 0.367373
vt 0.630393 0.352681
vt 0.598610 0.366503
vt 0.603709 0.350396
vt 0.739204 0.323189
vt 0.721592 0.317475
vt 0.732385 0.307681
vt 0.718094 0.310075
vt 0.716997 0.338425
vt 0.698200 0.330807
vt 0.676912 0.339513
vt 0.663095 0.347022
vt 0.675192 0.324386
vt 0.656602 0.338588
vt 0.641600 0.339023
vt 0.624789 0.344791
vt 0.637687 0.324984
vt 0.615213 0.340221
vt 0.698289 0.318781
vt 0.693011 0.311816
vt 0.702202 0.307409
vt 0.773003 0.419611
vt 0.591494 0.464775
vt 0.747001 0.527678
vt 0.550401 0.528223
vt 0.540291 0.569088
vt 0.541388 0.538888
vt 0.527986 0.551675
vt 0.763308 0.395723
vt 0.788509 0.357796
vt 0.807188 0.342887
vt 0.802000 0.328195
vt 0.799302 0.380596
vt 0.813385 0.426685
vt 0.822190 0.450573
vt 0.845494 0.478597
vt 0.895601 0.622305
vt 0.893792 0.596785
vt 0.917689 0.626876
vt 0.909802 0.607178
vt 0.929311 0.611803
vt 0.908409 0.585684
vt 0.925991 0.591996
vt 0.924597 0.581603
vt 0.936605 0.592214
vt 0.939006 0.582311
vt 0.948701 0.591017
vt 0.943513 0.572190
vt 0.958100 0.573006
vt 0.939510 0.551512
vt 0.946804 0.544710
vt 0.927206 0.537691
vt 0.947100 0.523978
vt 0.922107 0.520496
vt 0.951311 0.510103
vt 0.936812 0.494703
vt 0.925813 0.554396
vt 0.913093 0.527678
vt 0.867197 0.512497
vt 0.848993 0.463415
vt 0.835799 0.434194
vt 0.819611 0.399478
vt 0.832301 0.393601
vt 0.834910 0.366775
vt 0.848311 0.378692
vt 0.846591 0.411014
vt 0.845998 0.425706
vt 0.870310 0.460694
vt 0.877396 0.487901
vt 0.894000 0.508688
vt 0.914101 0.507219
vt 0.927592 0.494105
vt 0.904999 0.482623
vt 0.915702 0.465102
vt 0.894711 0.475604
vt 0.902509 0.454491
vt 0.890086 0.461021
vt 0.881606 0.434902
vt 0.860585 0.432616
vt 0.856197 0.416510
vt 0.858303 0.401002
vt 0.864410 0.387888
vt 0.886706 0.494105
vt 0.892814 0.430875
vt 0.880895 0.411395
vt 0.870310 0.394526
vt 0.652303 0.318618
vt 0.665289 0.320795
vt 0.569791 0.479576
vt 0.572311 0.463088
vt 0.591612 0.422386
vt 0.614709 0.402906
vt 0.600003 0.399478
vt 0.947604 0.606199
vt 0.949205 0.636507
vt 0.956291 0.620782
vt 0.966194 0.637977
vt 0.985199 0.600322
vt 0.969100 0.680474
vt 0.964000 0.605709
vt 0.975207 0.586120
vt 0.971086 0.554886
vt 0.964504 0.581603
vt 0.961006 0.593411
vt 0.970790 0.508797
vt 0.965186 0.525774
vt 0.977905 0.529801
vt 0.477910 0.590908
vt 0.486093 0.579481
vt 0.495788 0.590092
vt 0.567093 0.687711
vt 0.722986 0.695003
vt 0.875113 0.667578
vt 0.896994 0.652723
vt 0.912708 0.662518
vt 0.942090 0.652886
vt 0.889285 0.680692
vt 0.875291 0.714919
vt 0.742910 0.822279
vt 0.715811 0.817817
vt 0.724498 0.831475
vt 0.713113 0.835610
vt 0.743414 0.846112
vt 0.671694 0.876095
vt 0.679106 0.899003
vt 0.663214 0.906512
vt 0.664785 0.918375
vt 0.651088 0.911790
vt 0.632202 0.930727
vt 0.635285 0.904009
vt 0.622714 0.900690
vt 0.629503 0.890297
vt 0.625412 0.880611
vt 0.653193 0.885780
vt 0.625886 0.856179
vt 0.612396 0.826523
vt 0.641007 0.817381
vt 0.691914 0.821408
vt 0.642312 0.801819
vt 0.580287 0.794201
vt 0.544204 0.775210
vt 0.521701 0.758287
vt 0.517609 0.776407
vt 0.504505 0.773578
vt 0.510612 0.791208
vt 0.496796 0.798880
vt 0.506610 0.826523
vt 0.481201 0.829189
vt 0.499405 0.857104
vt 0.475212 0.857811
vt 0.487486 0.866626
vt 0.459112 0.785603
vt 0.487694 0.777713
vt 0.487694 0.763293
vt 0.471090 0.740602
vt 0.470409 0.645214
vt 0.464686 0.616374
vt 0.457393 0.771183
vt 0.434889 0.776679
vt 0.411586 0.839093
vt 0.409510 0.778203
vt 0.379209 0.827121
vt 0.382708 0.782284
vt 0.368298 0.806716
vt 0.367290 0.782284
vt 0.359997 0.776081
vt 0.370492 0.767918
vt 0.368595 0.754478
vt 0.385791 0.760409
vt 0.395486 0.755185
vt 0.412505 0.761824
vt 0.421814 0.744303
vt 0.437914 0.757199
vt 0.467711 0.758505
vt 0.439900 0.767374
vt 0.767311 0.841106
vt 0.804490 0.882624
vt 0.824088 0.853186
vt 0.840098 0.871306
vt 0.839209 0.851989
vt 0.848400 0.857594
vt 0.903102 0.859117
vt 0.918193 0.860695
vt 0.932899 0.840997
vt 0.933907 0.864287
vt 0.942090 0.842521
vt 0.952111 0.875877
vt 0.894207 0.775210
vt 0.891687 0.749418
vt 0.908290 0.756111
vt 0.905889 0.744575
vt 0.920891 0.742398
vt 0.908409 0.734508
vt 0.921010 0.737283
vt 0.910010 0.713178
vt 0.932009 0.727380
vt 0.938591 0.716986
vt 0.953801 0.723679
vt 0.953505 0.716986
vt 0.969693 0.707790
vt 0.948701 0.702893
vt 0.959612 0.699084
vt 0.944195 0.688800
vt 0.959494 0.691303
vt 0.946092 0.675686
vt 0.953505 0.663824
vt 0.951607 0.650383
vt 0.888989 0.717313
vt 0.907490 0.686678
vt 0.932098 0.682814
vt 0.913805 0.700009
vt 0.933195 0.703111
vt 0.691410 0.919408
vt 0.714892 0.922401
vt 0.749195 0.904227
vt 0.748098 0.920116
vt 0.761292 0.919789
vt 0.743295 0.930400
vt 0.760403 0.939814
vt 0.778785 0.922075
vt 0.770691 0.934917
vt 0.778103 0.951513
vt 0.851602 0.936005
vt 0.796396 0.935189
vt 0.820412 0.943188
vt 0.804401 0.946888
vt 0.822101 0.952982
vt 0.792393 0.954125
vt 0.898892 0.915001
vt 0.928392 0.894704
vt 0.933403 0.880393
vt 0.945588 0.895901
vt 0.940993 0.915926
vt 0.928600 0.908417
vt 0.924508 0.924687
vt 0.910395 0.940684
vt 0.886409 0.935297
vt 0.886291 0.950098
vt 0.851809 0.957281
vt 0.839713 0.942589
vt 0.957892 0.892582
vt 0.953712 0.905097
vt 0.946211 0.930781
vt 0.934796 0.934100
vt 0.938206 0.939106
vt 0.925694 0.947105
vt 0.907401 0.949119
vt 0.971709 0.740983
vt 0.960887 0.736086
vt 0.943602 0.734780
vt 0.945203 0.740494
vt 0.927503 0.751213
vt 0.925813 0.765089
vt 0.915109 0.771891
vt 0.927414 0.773306
vt 0.916295 0.790011
vt 0.943898 0.807804
vt 0.930201 0.815586
vt 0.942505 0.823312
vt 0.936190 0.830822
vt 0.914991 0.820809
vt 0.927087 0.830495
vt 0.949591 0.942589
vt 0.958308 0.758722
vt 0.947604 0.749526
vt 0.938799 0.750996
vt 0.940400 0.770313
vt 0.952200 0.782175
vt 0.941289 0.781304
vt 0.943394 0.793276
vt 0.642994 0.897098
vt 0.441590 0.844099
vt 0.432903 0.851608
vt 0.434800 0.858301
vt 0.417812 0.855580
vt 0.400111 0.865484
vt 0.392403 0.845622
vt 0.499286 0.869891
vt 0.514585 0.868476
vt 0.510612 0.878326
vt 0.531188 0.872122
vt 0.537385 0.887576
vt 0.545805 0.870327
vt 0.556508 0.890623
vt 0.569198 0.878978
vt 0.584793 0.892419
vt 0.586098 0.882080
vt 0.600003 0.894323
vt 0.608512 0.883876
vt 0.610410 0.898404
vt 0.526296 0.857485
vt 0.531396 0.842194
vt 0.520100 0.819612
vt 0.541892 0.834522
vt 0.540795 0.814878
vt 0.559503 0.844099
vt 0.556301 0.804485
vt 0.581799 0.828319
vt 0.596712 0.855526
vt 0.614412 0.869674
vt 0.568813 0.872013
vt 0.604510 0.874408
vt 0.613286 0.916198
vt 0.597987 0.902322
vt 0.572993 0.902703
vt 0.445800 0.635909
vt 0.447401 0.641786
vt 0.443488 0.660015
vt 0.429108 0.671006
vt 0.384813 0.698322
vt 0.375503 0.744684
vt 0.470498 0.842521
vt 0.461099 0.857376
vt 0.152100 0.045784
vt 0.182609 0.040179
vt 0.162596 0.055905
vt 0.207010 0.035989
vt 0.213592 0.101286
vt 0.238111 0.108197
vt 0.215904 0.111625
vt 0.239089 0.120604
vt 0.211101 0.123107
vt 0.205112 0.135404
vt 0.197196 0.114074
vt 0.160698 0.118481
vt 0.163307 0.106782
vt 0.148898 0.111788
vt 0.145607 0.102919
vt 0.131702 0.112822
vt 0.126988 0.104823
vt 0.117204 0.122889
vt 0.111096 0.109993
vt 0.100808 0.128385
vt 0.102498 0.113203
vt 0.088711 0.116414
vt 0.089690 0.106020
vt 0.064399 0.097097
vt 0.081803 0.090676
vt 0.053904 0.082513
vt 0.049812 0.065210
vt 0.041510 0.082296
vt 0.035195 0.071576
vt 0.031400 0.094702
vt 0.110799 0.100416
vt 0.106411 0.089206
vt 0.149491 0.083384
vt 0.113498 0.055306
vt 0.077385 0.037676
vt 0.043200 0.048015
vt 0.039613 0.062707
vt 0.059804 0.022222
vt 0.075903 0.020100
vt 0.089186 0.023583
vt 0.102913 0.022385
vt 0.112489 0.032017
vt 0.135704 0.035282
vt 0.287595 0.043226
vt 0.263105 0.105912
vt 0.274401 0.113312
vt 0.286913 0.125610
vt 0.291004 0.106891
vt 0.296697 0.115489
vt 0.323914 0.113802
vt 0.307904 0.140683
vt 0.332809 0.119080
vt 0.349294 0.119624
vt 0.345499 0.116305
vt 0.354601 0.110700
vt 0.346388 0.105422
vt 0.366697 0.091709
vt 0.333995 0.105422
vt 0.290708 0.092417
vt 0.340814 0.032017
vt 0.374495 0.043879
vt 0.384991 0.080282
vt 0.376689 0.093288
vt 0.399311 0.091818
vt 0.385198 0.106293
vt 0.402691 0.112877
vt 0.374495 0.131704
vt 0.408502 0.144219
vt 0.404588 0.154504
vt 0.427388 0.148518
vt 0.424987 0.162720
vt 0.445296 0.160381
vt 0.443102 0.167618
vt 0.453687 0.164788
vt 0.443488 0.177684
vt 0.458312 0.179807
vt 0.438388 0.191288
vt 0.454191 0.196403
vt 0.440493 0.215394
vt 0.462492 0.205000
vt 0.457689 0.220726
vt 0.476991 0.227800
vt 0.474589 0.237105
vt 0.479689 0.248913
vt 0.454191 0.260014
vt 0.473907 0.264203
vt 0.447905 0.275794
vt 0.465902 0.300226
vt 0.445800 0.292608
vt 0.452293 0.311979
vt 0.427388 0.295601
vt 0.426291 0.305178
vt 0.407791 0.306320
vt 0.414195 0.321284
vt 0.398214 0.316605
vt 0.408710 0.334616
vt 0.394893 0.338425
vt 0.401890 0.346424
vt 0.395308 0.354695
vt 0.418612 0.355511
vt 0.412090 0.368625
vt 0.432014 0.367101
vt 0.426914 0.379181
vt 0.446393 0.381793
vt 0.427803 0.392894
vt 0.439604 0.398498
vt 0.424305 0.412483
vt 0.437113 0.412483
vt 0.415707 0.424781
vt 0.431895 0.434303
vt 0.411408 0.435718
vt 0.436105 0.451879
vt 0.417011 0.456994
vt 0.437587 0.466680
vt 0.410489 0.482188
vt 0.423712 0.486323
vt 0.401090 0.493288
vt 0.392106 0.508307
vt 0.386503 0.495084
vt 0.369692 0.501995
vt 0.372390 0.480610
vt 0.359493 0.482297
vt 0.365986 0.435283
vt 0.344105 0.471305
vt 0.333313 0.440017
vt 0.320890 0.457375
vt 0.311996 0.428807
vt 0.283889 0.474407
vt 0.128114 0.485997
vt 0.238289 0.504498
vt 0.238912 0.538779
vt 0.253706 0.520115
vt 0.254507 0.535079
vt 0.291597 0.527025
vt 0.275587 0.545091
vt 0.295096 0.539378
vt 0.294710 0.548410
vt 0.310899 0.551893
vt 0.306095 0.564082
vt 0.322995 0.562776
vt 0.321305 0.574910
vt 0.337790 0.579427
vt 0.312796 0.591289
vt 0.337612 0.590201
vt 0.338709 0.595425
vt 0.356113 0.574910
vt 0.370403 0.587806
vt 0.374999 0.578393
vt 0.385109 0.589711
vt 0.387600 0.575999
vt 0.406990 0.582691
vt 0.393411 0.564626
vt 0.427003 0.579481
vt 0.425787 0.554505
vt 0.437499 0.575509
vt 0.453894 0.555212
vt 0.447194 0.580080
vt 0.459705 0.568598
vt 0.438596 0.597982
vt 0.470794 0.563320
vt 0.390594 0.482514
vt 0.388697 0.449322
vt 0.378587 0.420319
vt 0.395694 0.411993
vt 0.404500 0.403885
vt 0.404588 0.385602
vt 0.392314 0.387180
vt 0.373102 0.387289
vt 0.383894 0.375590
vt 0.365096 0.369223
vt 0.384190 0.345608
vt 0.388904 0.327215
vt 0.376393 0.321720
vt 0.378794 0.303273
vt 0.365393 0.310891
vt 0.361894 0.300226
vt 0.336485 0.300824
vt 0.355105 0.291411
vt 0.344194 0.281997
vt 0.354808 0.279984
vt 0.347900 0.259578
vt 0.375207 0.287275
vt 0.374287 0.265509
vt 0.391306 0.286024
vt 0.417011 0.276120
vt 0.405300 0.286785
vt 0.365304 0.333473
vt 0.353711 0.356110
vt 0.343305 0.362476
vt 0.357210 0.376678
vt 0.351310 0.382120
vt 0.361094 0.390989
vt 0.360708 0.405790
vt 0.333995 0.396920
vt 0.328688 0.404919
vt 0.309090 0.398879
vt 0.340814 0.342887
vt 0.321809 0.346587
vt 0.314012 0.366775
vt 0.298713 0.341907
vt 0.287209 0.362585
vt 0.293109 0.325311
vt 0.273689 0.317911
vt 0.306392 0.298811
vt 0.300610 0.279603
vt 0.318904 0.297886
vt 0.319497 0.280800
vt 0.331089 0.279494
vt 0.310988 0.256096
vt 0.314901 0.218876
vt 0.414402 0.263006
vt 0.428811 0.269808
vt 0.431509 0.278297
vt 0.164286 0.266326
vt 0.412090 0.165006
vt 0.416596 0.200974
vt 0.417100 0.165496
vt 0.427803 0.179589
vt 0.360590 0.121474
vt 0.360886 0.112387
vt 0.374703 0.100307
vt 0.444792 0.259687
vt 0.458786 0.235309
vt 0.423593 0.245811
vt 0.431213 0.217625
vt 0.324389 0.320522
vt 0.303901 0.322808
vt 0.479511 0.551403
vt 0.462403 0.540303
vt 0.490392 0.524903
vt 0.512302 0.523325
vt 0.510612 0.516687
vt 0.524399 0.505205
vt 0.503497 0.504716
vt 0.509100 0.493180
vt 0.493386 0.499002
vt 0.502785 0.471196
vt 0.494691 0.467986
vt 0.509100 0.460313
vt 0.484907 0.465918
vt 0.488613 0.454219
vt 0.477287 0.456885
vt 0.481112 0.443282
vt 0.464508 0.445513
vt 0.477910 0.427991
vt 0.450989 0.429079
vt 0.451493 0.407205
vt 0.454813 0.463415
vt 0.452086 0.477399
vt 0.438091 0.480773
vt 0.446512 0.494486
vt 0.434207 0.494377
vt 0.428693 0.504226
vt 0.468600 0.463197
vt 0.471387 0.472176
vt 0.465813 0.491602
vt 0.446897 0.511191
vt 0.422911 0.519407
vt 0.405004 0.517884
vt 0.410607 0.527624
vt 0.389912 0.536494
vt 0.420302 0.532086
vt 0.405597 0.547485
vt 0.426291 0.547104
vt 0.477406 0.496989
vt 0.463589 0.516578
vt 0.438596 0.525992
vt 0.391988 0.552818
vt 0.375414 0.542588
vt 0.373902 0.555974
vt 0.356795 0.547377
vt 0.343305 0.557878
vt 0.317006 0.547975
vt 0.319111 0.539976
vt 0.330496 0.531814
vt 0.298001 0.517993
vt 0.312411 0.497424
vt 0.296193 0.490296
vt 0.325693 0.486323
vt 0.350509 0.492418
vt 0.347900 0.515925
vt 0.374792 0.523978
vt 0.374614 0.569523
vt 0.528994 0.473699
vt 0.516601 0.466299
vt 0.534005 0.457212
vt 0.529706 0.442084
vt 0.518291 0.434684
vt 0.535487 0.426522
vt 0.517402 0.418088
vt 0.526296 0.404321
vt 0.507410 0.413408
vt 0.509308 0.391697
vt 0.488613 0.403613
vt 0.485114 0.386473
vt 0.474411 0.395288
vt 0.464686 0.378093
vt 0.453894 0.387507
vt 0.508596 0.378692
vt 0.485411 0.374883
vt 0.505898 0.363183
vt 0.485203 0.348383
vt 0.505098 0.351212
vt 0.479896 0.336194
vt 0.501510 0.326290
vt 0.494305 0.310020
vt 0.514911 0.315788
vt 0.519596 0.291084
vt 0.529914 0.318618
vt 0.535487 0.310673
vt 0.552298 0.329120
vt 0.558406 0.314102
vt 0.570295 0.305178
vt 0.553010 0.302294
vt 0.559088 0.290921
vt 0.534005 0.296199
vt 0.528698 0.277209
vt 0.503497 0.279276
vt 0.501807 0.292717
vt 0.488198 0.301586
vt 0.483395 0.313176
vt 0.482001 0.321502
vt 0.466702 0.312088
vt 0.441709 0.322481
vt 0.526504 0.377494
vt 0.531188 0.362476
vt 0.545805 0.368516
vt 0.551913 0.355620
vt 0.568605 0.342996
vt 0.578300 0.316224
vt 0.579308 0.296907
vt 0.568694 0.290214
vt 0.575810 0.277209
vt 0.561786 0.277807
vt 0.552209 0.261592
vt 0.514111 0.256422
vt 0.534509 0.246791
vt 0.518914 0.232317
vt 0.543285 0.236724
vt 0.526504 0.210007
vt 0.549600 0.206578
vt 0.529914 0.187697
vt 0.541388 0.179698
vt 0.537385 0.169522
vt 0.559799 0.188676
vt 0.559206 0.204184
vt 0.574505 0.242111
vt 0.553306 0.244995
vt 0.574298 0.255388
vt 0.480104 0.290921
vt 0.489591 0.266598
vt 0.499613 0.234221
vt 0.504801 0.228508
vt 0.510494 0.207612
vt 0.487397 0.208102
vt 0.486686 0.199124
vt 0.473789 0.204892
vt 0.469905 0.176814
vt 0.483187 0.218386
vt 0.463500 0.356001
vt 0.462403 0.346805
vt 0.437202 0.353389
vt 0.435512 0.342397
vt 0.452501 0.361605
vt 0.507796 0.197274
vt 0.513310 0.181004
vt 0.519299 0.174311
vt 0.496885 0.169305
vt 0.517313 0.161523
vt 0.500798 0.153416
vt 0.524399 0.151892
vt 0.509397 0.132194
vt 0.499998 0.178718
vt 0.490985 0.186010
vt 0.484403 0.155483
vt 0.469104 0.152382
vt 0.457808 0.140683
vt 0.448202 0.142097
vt 0.461899 0.131704
vt 0.447787 0.120223
vt 0.462107 0.112115
vt 0.447194 0.101613
vt 0.481201 0.092417
vt 0.465101 0.090186
vt 0.452412 0.065808
vt 0.442895 0.085397
vt 0.441590 0.072501
vt 0.436490 0.090023
vt 0.424305 0.080881
vt 0.424008 0.098783
vt 0.416389 0.098511
vt 0.431509 0.104715
vt 0.425313 0.128004
vt 0.462492 0.158694
vt 0.452708 0.152001
vt 0.454398 0.157823
vt 0.545894 0.448777
vt 0.558109 0.425379
vt 0.551112 0.413082
vt 0.562290 0.410198
vt 0.557190 0.394200
vt 0.566885 0.398825
vt 0.573705 0.392676
vt 0.529914 0.389792
vt 0.080202 0.368788
vt 0.078393 0.279712
vt 0.045513 0.334289
vt 0.026805 0.295601
vt 0.027309 0.320686
vt 0.013700 0.293098
vt 0.015390 0.319380
vt 0.277811 0.376025
vt 0.311610 0.380324
vt 0.341200 0.380487
vt 0.077712 0.417489
vt 0.069291 0.379889
vt 0.036500 0.370693
vt 0.021794 0.342615
vt 0.062502 0.400403
vt 0.061494 0.426685
vt 0.070299 0.471795
vt 0.066089 0.493180
vt 0.076199 0.513095
vt 0.102409 0.561415
vt 0.081210 0.543404
vt 0.079787 0.559184
vt 0.226400 0.605110
vt 0.096509 0.599778
vt 0.152189 0.630522
vt 0.098288 0.629706
vt 0.126187 0.657022
vt 0.152308 0.641405
vt 0.174603 0.648207
vt 0.139410 0.674108
vt 0.156014 0.660994
vt 0.149788 0.672203
vt 0.167903 0.670789
vt 0.167814 0.681182
vt 0.189013 0.678679
vt 0.187204 0.698377
vt 0.202592 0.689725
vt 0.193697 0.713994
vt 0.215311 0.705886
vt 0.207691 0.719598
vt 0.228890 0.703818
vt 0.222397 0.720687
vt 0.235087 0.710076
vt 0.238585 0.720197
vt 0.269301 0.708824
vt 0.287209 0.708117
vt 0.260496 0.694785
vt 0.285490 0.694187
vt 0.275913 0.679114
vt 0.290589 0.669374
vt 0.269509 0.667524
vt 0.279204 0.657185
vt 0.268886 0.657620
vt 0.278611 0.647989
vt 0.254507 0.644778
vt 0.282614 0.636018
vt 0.266010 0.630522
vt 0.282614 0.623176
vt 0.257205 0.620183
vt 0.293613 0.607178
vt 0.276091 0.597275
vt 0.300195 0.585902
vt 0.291508 0.573876
vt 0.292487 0.562286
vt 0.280390 0.555321
vt 0.262393 0.570503
vt 0.275913 0.570884
vt 0.273808 0.577685
vt 0.262393 0.588024
vt 0.248192 0.605491
vt 0.237903 0.618224
vt 0.248192 0.618986
vt 0.242114 0.639990
vt 0.245108 0.658600
vt 0.249793 0.663987
vt 0.244990 0.677917
vt 0.235205 0.661701
vt 0.229513 0.680583
vt 0.218810 0.654682
vt 0.208492 0.664204
vt 0.192986 0.661103
vt 0.166005 0.657403
vt 0.235798 0.654519
vt 0.229009 0.642221
vt 0.225807 0.634385
vt 0.210508 0.638194
vt 0.197611 0.643092
vt 0.195091 0.635582
vt 0.020994 0.276175
vt 0.032112 0.278025
vt 0.061790 0.267087
vt 0.058292 0.234384
vt 0.030600 0.254681
vt 0.041688 0.226385
vt 0.022506 0.240315
vt 0.021587 0.212183
vt 0.021290 0.254409
vt 0.303694 0.703383
vt 0.300996 0.691521
vt 0.317688 0.692010
vt 0.318785 0.686406
vt 0.305087 0.673618
vt 0.324804 0.675577
vt 0.342712 0.668394
vt 0.332394 0.661484
vt 0.349798 0.658001
vt 0.333995 0.644724
vt 0.346596 0.642003
vt 0.351606 0.629325
vt 0.365600 0.642112
vt 0.360204 0.624373
vt 0.369307 0.621217
vt 0.357595 0.613490
vt 0.371797 0.607722
vt 0.370107 0.599016
vt 0.347011 0.618605
vt 0.324893 0.632426
vt 0.321987 0.615177
vt 0.304109 0.623394
vt 0.312885 0.608974
vt 0.299691 0.632698
vt 0.307993 0.651199
vt 0.310988 0.643309
vt 0.309713 0.667197
vt 0.343690 0.676012
vt 0.362813 0.655008
vt 0.248014 0.679386
vt 0.242203 0.698486
vt 0.084501 0.603696
vt 0.086903 0.590908
vt 0.091113 0.573876
vt 0.077504 0.589602
vt 0.079402 0.573387
vt 0.408710 0.078324
vt 0.405389 0.056122
vt 0.431509 0.051987
vt 0.388993 0.073807
vt 0.483988 0.134479
vt 0.495402 0.135023
vt 0.497507 0.106673
vt 0.484492 0.121583
vt 0.423297 0.604784
vt 0.406990 0.615177
vt 0.396909 0.599016
vt 0.391395 0.619802
vt 0.382085 0.613000
vt 0.282614 0.512388
vt 0.523806 0.340221
vt 0.399785 0.479522
vt 0.341911 0.604893
vt 0.356409 0.595098
vt 0.332305 0.602607
vt 0.279797 0.581222
vt 0.576106 0.199777
vt 0.590486 0.237812
vt 0.593599 0.268502
vt 0.585890 0.284881
vt 0.605903 0.287874
vt 0.591286 0.295709
vt 0.589596 0.307191
vt 0.598995 0.310782
vt 0.592709 0.329392
vt 0.588885 0.346478
vt 0.574387 0.359102
vt 0.566204 0.382392
vt 0.575306 0.370475
vt 0.599796 0.228127
vt 0.603591 0.242873
vt 0.604510 0.263823
vt 0.606407 0.276882
vt 0.193994 0.749907
vt 0.179496 0.731406
vt 0.193994 0.738916
vt 0.213414 0.737174
vt 0.206713 0.752193
vt 0.528609 0.172025
vt 0.784507 0.945092
vt 0.494691 0.429025
vt 0.500206 0.449702
vt 0.465694 0.404811
vt 0.458994 0.395723
vt 0.141100 0.127895
vt 0.109406 0.133500
vt 0.103595 0.141009
vt 0.042489 0.134588
vt 0.076496 0.217788
vt 0.040413 0.209027
vt 0.149313 0.135894
vt 0.025886 0.184813
vt 0.019808 0.154177
vt 0.024403 0.137907
vt 0.028702 0.123215
vt 0.040295 0.104715
vt 0.049189 0.112822
vt 0.058292 0.110319
vt 0.056602 0.099219
vt 0.045187 0.093288
vt 0.127788 0.882298
vt 0.142494 0.875278
vt 0.153197 0.880284
vt 0.171312 0.872612
vt 0.188805 0.877890
vt 0.190792 0.867007
vt 0.198708 0.866409
vt 0.206505 0.861511
vt 0.144214 0.869402
vt 0.180711 0.865320
vt 0.203392 0.855526
vt 0.162210 0.858083
vt 0.195091 0.850411
vt 0.202206 0.843174
vt 0.163485 0.843391
vt 0.123193 0.680093
vt 0.126306 0.675686
vt 0.136505 0.685317
vt 0.154709 0.713776
vt 0.137187 0.698377
vt 0.782995 0.316877
vt 0.778488 0.306810
vt 0.790288 0.310673
vt 0.192304 0.840181
vt 0.631786 0.809981
vt 0.537089 0.794908
vt 0.533709 0.784188
vt 0.524013 0.792677
vt 0.069795 0.117175
vt 0.178606 0.720687
# num_vertices: 1087


g Object_TexMap

usemtl TexMap

f 1/1 2/2 3/3
f 2/2 4/4 3/3
f 3/3 4/4 5/5
f 4/4 6/6 5/5
f 5/5 6/6 7/7
f 6/6 8/8 7/7
f 7/7 8/8 9/9
f 8/8 10/10 9/9
f 9/9 10/10 11/11
f 10/10 12/12 11/11
f 11/11 12/12 13/13
f 12/12 14/14 13/13
f 13/13 14/14 15/15
f 14/14 12/12 16/16
f 12/12 17/17 16/16
f 16/16 17/17 18/18
f 17/17 19/19 18/18
f 18/18 19/19 20/20
f 19/19 21/21 20/20
f 20/20 21/21 22/22
f 21/21 23/23 22/22
f 22/22 23/23 24/24
f 23/23 6/6 24/24
f 24/24 6/6 25/25
f 6/6 4/4 25/25
f 25/25 4/4 2/2
f 6/6 23/23 8/8
f 23/23 17/17 8/8
f 8/8 17/17 26/26
f 17/17 12/12 26/26
f 26/26 12/12 10/10
f 23/23 21/21 17/17
f 21/21 19/19 17/17
f 25/25 27/27 24/24
f 27/27 22/22 24/24
f 22/22 27/27 20/20
f 27/27 28/28 20/20
f 20/20 28/28 29/29
f 30/30 31/31 32/32
f 31/31 33/33 32/32
f 32/32 33/33 34/34
f 33/33 35/35 34/34
f 34/34 35/35 36/36
f 35/35 37/37 36/36
f 36/36 37/37 38/38
f 37/37 39/39 38/38
f 38/38 39/39 40/40
f 39/39 41/41 40/40
f 40/40 41/41 42/42
f 41/41 43/43 42/42
f 42/42 43/43 44/44
f 43/43 45/45 44/44
f 44/44 45/45 46/46
f 45/45 47/47 46/46
f 46/46 47/47 48/48
f 47/47 49/49 48/48
f 48/48 49/49 50/50
f 49/49 51/51 50/50
f 35/35 33/33 37/37
f 33/33 52/52 37/37
f 37/37 52/52 53/53
f 52/52 54/54 53/53
f 53/53 54/54 55/55
f 54/54 56/56 55/55
f 55/55 56/56 41/41
f 56/56 57/57 41/41
f 41/41 57/57 43/43
f 57/57 58/58 43/43
f 43/43 58/58 45/45
f 58/58 59/59 45/45
f 45/45 59/59 47/47
f 59/59 49/49 47/47
f 37/37 53/53 39/39
f 53/53 55/55 39/39
f 39/39 55/55 41/41
f 34/34 36/36 60/60
f 36/36 61/61 60/60
f 60/60 61/61 62/62
f 61/61 63/63 62/62
f 62/62 63/63 64/64
f 63/63 44/44 64/64
f 64/64 44/44 46/46
f 44/44 63/63 42/42
f 63/63 65/65 42/42
f 42/42 65/65 40/40
f 65/65 38/38 40/40
f 63/63 61/61 65/65
f 61/61 36/36 65/65
f 65/65 36/36 38/38
f 59/59 58/58 49/49
f 58/58 51/51 49/49
f 51/51 58/58 66/66
f 58/58 57/57 66/66
f 66/66 57/57 67/67
f 57/57 68/68 67/67
f 67/67 68/68 69/69
f 67/67 70/70 66/66
f 70/70 71/71 66/66
f 66/66 71/71 51/51
f 72/72 73/73 74/74
f 73/73 75/75 74/74
f 74/74 75/75 76/76
f 75/75 77/77 76/76
f 76/76 77/77 78/78
f 77/77 79/79 78/78
f 78/78 79/79 80/80
f 79/79 81/81 80/80
f 80/80 81/81 82/82
f 81/81 83/83 82/82
f 82/82 83/83 84/84
f 83/83 85/85 84/84
f 80/80 82/82 86/86
f 82/82 87/87 86/86
f 86/86 87/87 88/88
f 87/87 89/89 88/88
f 88/88 89/89 90/90
f 89/89 91/91 90/90
f 90/90 91/91 92/92
f 91/91 76/76 92/92
f 92/92 76/76 93/93
f 76/76 78/78 93/93
f 93/93 78/78 80/80
f 80/80 86/86 93/93
f 86/86 90/90 93/93
f 93/93 90/90 92/92
f 62/62 64/64 94/94
f 64/64 46/46 94/94
f 94/94 46/46 48/48
f 85/85 83/83 95/95
f 83/83 96/96 95/95
f 96/96 83/83 97/97
f 83/83 98/98 97/97
f 97/97 98/98 99/99
f 98/98 100/100 99/99
f 99/99 100/100 101/101
f 100/100 102/102 101/101
f 101/101 102/102 103/103
f 102/102 104/104 103/103
f 103/103 104/104 105/105
f 104/104 106/106 105/105
f 105/105 106/106 107/107
f 106/106 108/108 107/107
f 107/107 108/108 109/109
f 108/108 110/110 109/109
f 109/109 110/110 111/111
f 110/110 112/112 111/111
f 111/111 112/112 113/113
f 112/112 75/75 113/113
f 113/113 75/75 73/73
f 100/100 98/98 114/114
f 98/98 115/115 114/114
f 114/114 115/115 108/108
f 115/115 81/81 108/108
f 108/108 81/81 110/110
f 81/81 79/79 110/110
f 110/110 79/79 112/112
f 79/79 77/77 112/112
f 112/112 77/77 75/75
f 108/108 106/106 114/114
f 106/106 102/102 114/114
f 114/114 102/102 100/100
f 98/98 83/83 115/115
f 83/83 81/81 115/115
f 101/101 116/116 99/99
f 116/116 117/117 99/99
f 99/99 117/117 97/97
f 117/117 118/118 97/97
f 97/97 118/118 96/96
f 101/101 103/103 119/119
f 103/103 105/105 119/119
f 119/119 105/105 120/120
f 105/105 121/121 120/120
f 120/120 121/121 109/109
f 121/121 107/107 109/109
f 109/109 111/111 120/120
f 111/111 122/122 120/120
f 120/120 122/122 123/123
f 122/122 124/124 123/123
f 111/111 113/113 122/122
f 113/113 124/124 122/122
f 119/119 120/120 125/125
f 120/120 126/126 125/125
f 127/127 128/128 129/129
f 128/128 130/130 129/129
f 129/129 130/130 131/131
f 130/130 132/132 131/131
f 131/131 132/132 133/133
f 132/132 134/134 133/133
f 133/133 134/134 135/135
f 134/134 136/136 135/135
f 135/135 136/136 137/137
f 136/136 138/138 137/137
f 137/137 138/138 139/139
f 138/138 140/140 139/139
f 139/139 140/140 141/141
f 140/140 142/142 141/141
f 141/141 142/142 143/143
f 142/142 144/144 143/143
f 143/143 144/144 145/145
f 144/144 146/146 145/145
f 145/145 146/146 147/147
f 131/131 133/133 129/129
f 133/133 148/148 129/129
f 129/129 148/148 127/127
f 148/148 149/149 127/127
f 127/127 149/149 150/150
f 149/149 151/151 150/150
f 149/149 148/148 152/152
f 148/148 135/135 152/152
f 152/152 135/135 153/153
f 135/135 137/137 153/153
f 153/153 137/137 154/154
f 137/137 139/139 154/154
f 154/154 139/139 155/155
f 139/139 143/143 155/155
f 155/155 143/143 145/145
f 153/153 154/154 156/156
f 154/154 155/155 156/156
f 156/156 155/155 157/157
f 155/155 145/145 157/157
f 157/157 145/145 158/158
f 145/145 159/159 158/158
f 158/158 159/159 160/160
f 159/159 161/161 160/160
f 156/156 162/162 153/153
f 162/162 149/149 153/153
f 153/153 149/149 152/152
f 156/156 163/163 162/162
f 163/163 164/164 162/162
f 162/162 164/164 149/149
f 164/164 151/151 149/149
f 138/138 136/136 140/140
f 136/136 165/165 140/140
f 140/140 165/165 166/166
f 165/165 167/167 166/166
f 166/166 167/167 168/168
f 167/167 169/169 168/168
f 168/168 169/169 170/170
f 169/169 171/171 170/170
f 165/165 136/136 172/172
f 136/136 132/132 172/172
f 172/172 132/132 173/173
f 132/132 130/130 173/173
f 173/173 130/130 174/174
f 130/130 175/175 174/174
f 165/165 172/172 176/176
f 172/172 173/173 176/176
f 176/176 173/173 174/174
f 176/176 177/177 165/165
f 177/177 178/178 165/165
f 165/165 178/178 167/167
f 178/178 179/179 167/167
f 167/167 179/179 180/180
f 179/179 181/181 180/180
f 180/180 181/181 182/182
f 181/181 183/183 182/182
f 182/182 183/183 184/184
f 183/183 185/185 184/184
f 184/184 185/185 186/186
f 185/185 187/187 186/186
f 186/186 187/187 188/188
f 187/187 189/189 188/188
f 188/188 189/189 190/190
f 189/189 191/191 190/190
f 190/190 191/191 192/192
f 191/191 193/193 192/192
f 192/192 193/193 194/194
f 193/193 195/195 194/194
f 194/194 195/195 196/196
f 195/195 197/197 196/196
f 196/196 197/197 198/198
f 197/197 199/199 198/198
f 189/189 187/187 200/200
f 187/187 185/185 200/200
f 200/200 185/185 201/201
f 185/185 181/181 201/201
f 201/201 181/181 202/202
f 181/181 179/179 202/202
f 202/202 179/179 203/203
f 179/179 178/178 203/203
f 203/203 178/178 204/204
f 178/178 177/177 204/204
f 204/204 177/177 205/205
f 177/177 176/176 205/205
f 205/205 176/176 206/206
f 176/176 207/207 206/206
f 206/206 207/207 208/208
f 206/206 209/209 205/205
f 209/209 210/210 205/205
f 205/205 210/210 204/204
f 210/210 211/211 204/204
f 204/204 211/211 203/203
f 211/211 212/212 203/203
f 203/203 212/212 202/202
f 212/212 213/213 202/202
f 202/202 213/213 197/197
f 213/213 214/214 197/197
f 197/197 214/214 215/215
f 214/214 216/216 215/215
f 215/215 216/216 217/217
f 216/216 218/218 217/217
f 217/217 218/218 219/219
f 218/218 220/220 219/219
f 219/219 220/220 221/221
f 220/220 211/211 221/221
f 221/221 211/211 222/222
f 211/211 210/210 222/222
f 222/222 210/210 223/223
f 210/210 209/209 223/223
f 223/223 209/209 224/224
f 209/209 208/208 224/224
f 224/224 208/208 225/225
f 211/211 220/220 212/212
f 220/220 218/218 212/212
f 212/212 218/218 226/226
f 218/218 216/216 226/226
f 226/226 216/216 213/213
f 216/216 214/214 213/213
f 219/219 221/221 227/227
f 221/221 228/228 227/227
f 221/221 222/222 228/228
f 222/222 223/223 228/228
f 228/228 223/223 224/224
f 228/228 224/224 229/229
f 224/224 225/225 229/229
f 158/158 160/160 157/157
f 160/160 230/230 157/157
f 157/157 230/230 231/231
f 168/168 232/232 166/166
f 232/232 233/233 166/166
f 166/166 233/233 234/234
f 166/166 234/234 235/235
f 234/234 236/236 235/235
f 235/235 236/236 144/144
f 236/236 146/146 144/144
f 144/144 142/142 235/235
f 142/142 140/140 235/235
f 235/235 140/140 166/166
f 217/217 199/199 215/215
f 199/199 197/197 215/215
f 161/161 159/159 147/147
f 159/159 145/145 147/147
f 189/189 200/200 191/191
f 200/200 193/193 191/191
f 193/193 200/200 195/195
f 200/200 201/201 195/195
f 195/195 201/201 197/197
f 201/201 202/202 197/197
f 186/186 188/188 184/184
f 188/188 237/237 184/184
f 184/184 237/237 238/238
f 237/237 239/239 238/238
f 238/238 239/239 240/240
f 239/239 241/241 240/240
f 240/240 241/241 242/242
f 239/239 243/243 241/241
f 243/243 244/244 241/241
f 241/241 244/244 245/245
f 244/244 246/246 245/245
f 245/245 246/246 192/192
f 246/246 247/247 192/192
f 192/192 247/247 190/190
f 247/247 237/237 190/190
f 190/190 237/237 188/188
f 246/246 244/244 247/247
f 244/244 243/243 247/247
f 247/247 243/243 237/237
f 243/243 239/239 237/237
f 198/198 248/248 196/196
f 248/248 249/249 196/196
f 196/196 249/249 194/194
f 249/249 245/245 194/194
f 194/194 245/245 192/192
f 245/245 249/249 250/250
f 249/249 248/248 250/250
f 251/251 252/252 253/253
f 252/252 171/171 253/253
f 253/253 171/171 169/169
f 253/253 169/169 254/254
f 169/169 167/167 254/254
f 254/254 167/167 255/255
f 167/167 180/180 255/255
f 255/255 180/180 256/256
f 180/180 257/257 256/256
f 256/256 257/257 258/258
f 257/257 182/182 258/258
f 258/258 182/182 259/259
f 182/182 184/184 259/259
f 259/259 184/184 238/238
f 258/258 260/260 256/256
f 260/260 261/261 256/256
f 256/256 261/261 255/255
f 261/261 262/262 255/255
f 255/255 262/262 263/263
f 262/262 264/264 263/263
f 263/263 264/264 265/265
f 264/264 266/266 265/265
f 265/265 266/266 267/267
f 266/266 268/268 267/267
f 267/267 268/268 269/269
f 268/268 270/270 269/269
f 269/269 270/270 271/271
f 270/270 272/272 271/271
f 271/271 272/272 273/273
f 272/272 274/274 273/273
f 273/273 274/274 275/275
f 274/274 276/276 275/275
f 275/275 276/276 277/277
f 276/276 278/278 277/277
f 277/277 278/278 267/267
f 278/278 279/279 267/267
f 267/267 279/279 265/265
f 279/279 280/280 265/265
f 265/265 280/280 281/281
f 280/280 282/282 281/281
f 281/281 282/282 255/255
f 282/282 283/283 255/255
f 255/255 283/283 254/254
f 283/283 284/284 254/254
f 254/254 284/284 285/285
f 284/284 286/286 285/285
f 285/285 286/286 287/287
f 286/286 288/288 287/287
f 287/287 288/288 289/289
f 288/288 290/290 289/289
f 289/289 290/290 291/291
f 290/290 292/292 291/291
f 291/291 292/292 293/293
f 292/292 294/294 293/293
f 291/291 295/295 289/289
f 295/295 296/296 289/289
f 289/289 296/296 287/287
f 296/296 297/297 287/287
f 287/287 297/297 285/285
f 297/297 298/298 285/285
f 285/285 298/298 254/254
f 298/298 299/299 254/254
f 254/254 299/299 253/253
f 299/299 300/300 253/253
f 253/253 300/300 251/251
f 297/297 296/296 301/301
f 296/296 295/295 301/301
f 301/301 295/295 302/302
f 295/295 303/303 302/302
f 302/302 303/303 304/304
f 303/303 305/305 304/304
f 304/304 305/305 306/306
f 305/305 307/307 306/306
f 306/306 307/307 308/308
f 307/307 309/309 308/308
f 308/308 309/309 310/310
f 309/309 311/311 310/310
f 310/310 311/311 312/312
f 311/311 313/313 312/312
f 312/312 313/313 314/314
f 313/313 315/315 314/314
f 314/314 315/315 316/316
f 315/315 298/298 316/316
f 316/316 298/298 317/317
f 298/298 297/297 317/317
f 317/317 297/297 301/301
f 304/304 312/312 302/302
f 312/312 318/318 302/302
f 302/302 318/318 301/301
f 318/318 316/316 301/301
f 301/301 316/316 317/317
f 316/316 318/318 314/314
f 318/318 312/312 314/314
f 264/264 262/262 266/266
f 262/262 319/319 266/266
f 266/266 319/319 320/320
f 319/319 321/321 320/320
f 320/320 321/321 322/322
f 321/321 323/323 322/322
f 322/322 323/323 324/324
f 323/323 325/325 324/324
f 324/324 325/325 326/326
f 325/325 327/327 326/326
f 326/326 327/327 328/328
f 327/327 329/329 328/328
f 328/328 329/329 330/330
f 321/321 319/319 323/323
f 319/319 261/261 323/323
f 323/323 261/261 331/331
f 261/261 332/332 331/331
f 331/331 332/332 333/333
f 332/332 334/334 333/333
f 333/333 334/334 335/335
f 334/334 336/336 335/335
f 335/335 336/336 337/337
f 336/336 338/338 337/337
f 337/337 338/338 339/339
f 338/338 340/340 339/339
f 339/339 340/340 341/341
f 340/340 342/342 341/341
f 341/341 342/342 343/343
f 342/342 344/344 343/343
f 343/343 344/344 345/345
f 344/344 346/346 345/345
f 345/345 346/346 347/347
f 346/346 348/348 347/347
f 347/347 348/348 242/242
f 348/348 349/349 242/242
f 242/242 349/349 240/240
f 349/349 350/350 240/240
f 240/240 350/350 238/238
f 350/350 259/259 238/238
f 334/334 332/332 336/336
f 332/332 351/351 336/336
f 336/336 351/351 338/338
f 351/351 260/260 338/338
f 338/338 260/260 352/352
f 260/260 258/258 352/352
f 352/352 258/258 353/353
f 258/258 259/259 353/353
f 353/353 259/259 348/348
f 259/259 349/349 348/348
f 338/338 352/352 354/354
f 352/352 346/346 354/354
f 354/354 346/346 355/355
f 346/346 344/344 355/355
f 355/355 344/344 340/340
f 344/344 342/342 340/340
f 355/355 340/340 354/354
f 340/340 338/338 354/354
f 304/304 306/306 312/312
f 306/306 310/310 312/312
f 348/348 346/346 353/353
f 346/346 352/352 353/353
f 260/260 351/351 261/261
f 351/351 332/332 261/261
f 265/265 281/281 263/263
f 281/281 255/255 263/263
f 270/270 268/268 356/356
f 268/268 357/357 356/356
f 268/268 266/266 357/357
f 266/266 358/358 357/357
f 357/357 358/358 359/359
f 358/358 360/360 359/359
f 359/359 360/360 361/361
f 360/360 362/362 361/361
f 266/266 320/320 358/358
f 320/320 363/363 358/358
f 358/358 363/363 360/360
f 363/363 364/364 360/360
f 360/360 364/364 362/362
f 364/364 365/365 362/362
f 320/320 322/322 363/363
f 322/322 366/366 363/363
f 363/363 366/366 367/367
f 366/366 368/368 367/367
f 367/367 368/368 369/369
f 368/368 370/370 369/369
f 369/369 370/370 371/371
f 366/366 322/322 372/372
f 322/322 326/326 372/372
f 372/372 326/326 373/373
f 326/326 374/374 373/373
f 373/373 374/374 330/330
f 374/374 328/328 330/330
f 330/330 375/375 373/373
f 375/375 376/376 373/373
f 373/373 376/376 377/377
f 376/376 378/378 377/377
f 377/377 378/378 372/372
f 378/378 379/379 372/372
f 372/372 379/379 380/380
f 379/379 381/381 380/380
f 380/380 381/381 366/366
f 381/381 382/382 366/366
f 366/366 382/382 383/383
f 382/382 370/370 383/383
f 383/383 370/370 368/368
f 330/330 384/384 375/375
f 384/384 385/385 375/375
f 375/375 385/385 376/376
f 385/385 386/386 376/376
f 376/376 386/386 387/387
f 386/386 388/388 387/387
f 387/387 388/388 379/379
f 388/388 389/389 379/379
f 379/379 389/389 390/390
f 379/379 378/378 387/387
f 378/378 376/376 387/387
f 343/343 345/345 242/242
f 345/345 347/347 242/242
f 343/343 391/391 341/341
f 391/391 392/392 341/341
f 341/341 392/392 393/393
f 392/392 394/394 393/393
f 393/393 394/394 335/335
f 394/394 395/395 335/335
f 335/335 395/395 333/333
f 395/395 396/396 333/333
f 333/333 396/396 397/397
f 396/396 398/398 397/397
f 397/397 398/398 399/399
f 398/398 400/400 399/399
f 399/399 400/400 401/401
f 400/400 402/402 401/401
f 401/401 402/402 403/403
f 402/402 329/329 403/403
f 403/403 329/329 327/327
f 333/333 397/397 331/331
f 397/397 399/399 331/331
f 331/331 399/399 404/404
f 399/399 401/401 404/404
f 404/404 401/401 405/405
f 401/401 403/403 405/405
f 405/405 403/403 327/327
f 331/331 404/404 325/325
f 404/404 405/405 325/325
f 325/325 405/405 327/327
f 389/389 388/388 406/406
f 388/388 386/386 406/406
f 391/391 407/407 392/392
f 407/407 408/408 392/392
f 392/392 408/408 394/394
f 408/408 409/409 394/394
f 394/394 409/409 395/395
f 409/409 410/410 395/395
f 395/395 410/410 396/396
f 410/410 398/398 396/396
f 408/408 407/407 410/410
f 407/407 411/411 410/410
f 410/410 411/411 412/412
f 411/411 413/413 412/412
f 412/412 413/413 398/398
f 413/413 400/400 398/398
f 335/335 337/337 393/393
f 337/337 339/339 393/393
f 393/393 339/339 341/341
f 267/267 269/269 277/277
f 269/269 271/271 277/277
f 277/277 271/271 414/414
f 271/271 273/273 414/414
f 414/414 273/273 275/275
f 295/295 291/291 303/303
f 291/291 415/415 303/303
f 303/303 415/415 416/416
f 415/415 417/417 416/416
f 416/416 417/417 418/418
f 417/417 419/419 418/418
f 418/418 419/419 420/420
f 416/416 418/418 303/303
f 418/418 420/420 303/303
f 303/303 420/420 305/305
f 294/294 292/292 421/421
f 292/292 422/422 421/421
f 421/421 422/422 423/423
f 422/422 424/424 423/423
f 423/423 424/424 425/425
f 424/424 426/426 425/425
f 425/425 426/426 427/427
f 426/426 428/428 427/427
f 427/427 428/428 429/429
f 428/428 430/430 429/429
f 429/429 430/430 431/431
f 430/430 432/432 431/431
f 431/431 432/432 433/433
f 432/432 276/276 433/433
f 433/433 276/276 274/274
f 424/424 422/422 434/434
f 422/422 292/292 434/434
f 434/434 292/292 435/435
f 292/292 290/290 435/435
f 435/435 290/290 436/436
f 290/290 288/288 436/436
f 436/436 288/288 437/437
f 288/288 438/438 437/437
f 437/437 438/438 439/439
f 438/438 440/440 439/439
f 439/439 440/440 441/441
f 440/440 279/279 441/441
f 441/441 279/279 442/442
f 279/279 278/278 442/442
f 442/442 278/278 443/443
f 278/278 276/276 443/443
f 443/443 276/276 432/432
f 436/436 437/437 435/435
f 437/437 426/426 435/435
f 435/435 426/426 434/434
f 426/426 424/424 434/434
f 437/437 439/439 426/426
f 439/439 444/444 426/426
f 426/426 444/444 428/428
f 444/444 430/430 428/428
f 444/444 439/439 430/430
f 439/439 442/442 430/430
f 430/430 442/442 445/445
f 442/442 443/443 445/445
f 445/445 443/443 432/432
f 272/272 446/446 274/274
f 446/446 433/433 274/274
f 433/433 446/446 447/447
f 446/446 448/448 447/447
f 447/447 448/448 429/429
f 448/448 427/427 429/429
f 429/429 431/431 447/447
f 431/431 433/433 447/447
f 300/300 299/299 449/449
f 299/299 450/450 449/449
f 450/450 299/299 451/451
f 299/299 452/452 451/451
f 299/299 298/298 452/452
f 298/298 453/453 452/452
f 453/453 298/298 454/454
f 298/298 315/315 454/454
f 454/454 315/315 313/313
f 417/417 415/415 455/455
f 415/415 291/291 455/455
f 455/455 291/291 293/293
f 293/293 456/456 455/455
f 456/456 417/417 455/455
f 457/457 458/458 459/459
f 458/458 460/460 459/459
f 459/459 460/460 461/461
f 460/460 462/462 461/461
f 461/461 462/462 463/463
f 462/462 464/464 463/463
f 463/463 464/464 465/465
f 464/464 466/466 465/465
f 465/465 466/466 467/467
f 466/466 468/468 467/467
f 467/467 468/468 469/469
f 468/468 470/470 469/469
f 469/469 470/470 471/471
f 470/470 472/472 471/471
f 471/471 472/472 473/473
f 472/472 474/474 473/473
f 473/473 474/474 475/475
f 474/474 476/476 475/475
f 475/475 476/476 477/477
f 476/476 478/478 477/477
f 477/477 478/478 479/479
f 478/478 480/480 479/479
f 479/479 480/480 481/481
f 480/480 482/482 481/481
f 481/481 482/482 483/483
f 482/482 484/484 483/483
f 483/483 484/484 485/485
f 484/484 486/486 485/485
f 477/477 479/479 487/487
f 479/479 488/488 487/487
f 487/487 488/488 471/471
f 488/488 489/489 471/471
f 471/471 489/489 469/469
f 489/489 461/461 469/469
f 469/469 461/461 467/467
f 461/461 463/463 467/467
f 467/467 463/463 465/465
f 479/479 481/481 488/488
f 481/481 490/490 488/488
f 488/488 490/490 489/489
f 490/490 459/459 489/489
f 489/489 459/459 461/461
f 490/490 481/481 491/491
f 481/481 483/483 491/491
f 491/491 483/483 492/492
f 483/483 493/493 492/492
f 492/492 494/494 491/491
f 494/494 495/495 491/491
f 491/491 495/495 496/496
f 491/491 496/496 490/490
f 496/496 497/497 490/490
f 490/490 497/497 498/498
f 498/498 499/499 490/490
f 499/499 457/457 490/490
f 490/490 457/457 459/459
f 477/477 487/487 475/475
f 487/487 473/473 475/475
f 460/460 500/500 462/462
f 500/500 501/501 462/462
f 462/462 501/501 464/464
f 501/501 502/502 464/464
f 464/464 502/502 503/503
f 502/502 504/504 503/503
f 503/503 504/504 505/505
f 504/504 506/506 505/505
f 505/505 506/506 507/507
f 506/506 508/508 507/507
f 507/507 508/508 509/509
f 508/508 510/510 509/509
f 509/509 510/510 511/511
f 510/510 512/512 511/511
f 511/511 512/512 513/513
f 512/512 514/514 513/513
f 513/513 514/514 515/515
f 514/514 506/506 515/515
f 515/515 506/506 504/504
f 504/504 502/502 515/515
f 502/502 501/501 515/515
f 515/515 501/501 500/500
f 500/500 516/516 515/515
f 516/516 513/513 515/515
f 516/516 517/517 513/513
f 517/517 518/518 513/513
f 513/513 518/518 519/519
f 518/518 520/520 519/519
f 519/519 520/520 521/521
f 520/520 522/522 521/521
f 521/521 522/522 523/523
f 522/522 524/524 523/523
f 523/523 524/524 525/525
f 524/524 526/526 525/525
f 525/525 526/526 527/527
f 526/526 528/528 527/527
f 527/527 528/528 529/529
f 528/528 530/530 529/529
f 529/529 530/530 531/531
f 530/530 532/532 531/531
f 531/531 532/532 533/533
f 532/532 534/534 533/533
f 533/533 534/534 535/535
f 534/534 536/536 535/535
f 535/535 536/536 537/537
f 536/536 538/538 537/537
f 537/537 538/538 539/539
f 538/538 540/540 539/539
f 539/539 540/540 541/541
f 540/540 542/542 541/541
f 541/541 542/542 543/543
f 542/542 544/544 543/543
f 543/543 544/544 545/545
f 544/544 546/546 545/545
f 545/545 546/546 547/547
f 546/546 548/548 547/547
f 547/547 548/548 549/549
f 548/548 550/550 549/549
f 549/549 550/550 551/551
f 550/550 552/552 551/551
f 551/551 552/552 553/553
f 552/552 554/554 553/553
f 553/553 554/554 555/555
f 554/554 556/556 555/555
f 555/555 556/556 557/557
f 556/556 558/558 557/557
f 557/557 558/558 559/559
f 558/558 560/560 559/559
f 559/559 560/560 561/561
f 560/560 562/562 561/561
f 561/561 562/562 563/563
f 562/562 564/564 563/563
f 563/563 564/564 565/565
f 564/564 566/566 565/565
f 565/565 566/566 567/567
f 566/566 568/568 567/567
f 567/567 568/568 569/569
f 568/568 570/570 569/569
f 569/569 570/570 571/571
f 570/570 572/572 571/571
f 571/571 572/572 573/573
f 572/572 574/574 573/573
f 573/573 574/574 575/575
f 574/574 576/576 575/575
f 575/575 576/576 577/577
f 576/576 578/578 577/577
f 577/577 578/578 579/579
f 578/578 580/580 579/579
f 579/579 580/580 581/581
f 580/580 582/582 581/581
f 581/581 582/582 583/583
f 582/582 584/584 583/583
f 583/583 584/584 585/585
f 584/584 586/586 585/585
f 585/585 586/586 587/587
f 586/586 588/588 587/587
f 587/587 588/588 589/589
f 588/588 590/590 589/589
f 589/589 590/590 591/591
f 590/590 592/592 591/591
f 591/591 592/592 593/593
f 592/592 594/594 593/593
f 593/593 594/594 595/595
f 594/594 596/596 595/595
f 595/595 596/596 597/597
f 596/596 598/598 597/597
f 597/597 598/598 599/599
f 598/598 600/600 599/599
f 599/599 600/600 601/601
f 600/600 602/602 601/601
f 601/601 602/602 603/603
f 602/602 604/604 603/603
f 603/603 604/604 605/605
f 604/604 606/606 605/605
f 605/605 606/606 607/607
f 606/606 608/608 607/607
f 607/607 608/608 609/609
f 608/608 610/610 609/609
f 609/609 610/610 611/611
f 610/610 612/612 611/611
f 611/611 612/612 613/613
f 612/612 614/614 613/613
f 613/613 614/614 615/615
f 614/614 616/616 615/615
f 573/573 575/575 617/617
f 575/575 577/577 617/617
f 617/617 577/577 618/618
f 577/577 579/579 618/618
f 618/618 579/579 567/567
f 579/579 619/619 567/567
f 567/567 619/619 565/565
f 619/619 620/620 565/565
f 565/565 620/620 563/563
f 620/620 621/621 563/563
f 563/563 621/621 561/561
f 621/621 622/622 561/561
f 561/561 622/622 559/559
f 622/622 557/557 559/559
f 621/621 620/620 623/623
f 620/620 624/624 623/623
f 623/623 624/624 625/625
f 624/624 626/626 625/625
f 625/625 626/626 555/555
f 626/626 627/627 555/555
f 555/555 627/627 553/553
f 627/627 628/628 553/553
f 553/553 628/628 551/551
f 628/628 629/629 551/551
f 551/551 629/629 630/630
f 629/629 631/631 630/630
f 630/630 631/631 632/632
f 631/631 633/633 632/632
f 632/632 633/633 634/634
f 633/633 635/635 634/634
f 634/634 635/635 636/636
f 635/635 637/637 636/636
f 636/636 637/637 638/638
f 637/637 639/639 638/638
f 638/638 639/639 640/640
f 639/639 641/641 640/640
f 640/640 641/641 642/642
f 641/641 547/547 642/642
f 642/642 547/547 549/549
f 631/631 629/629 643/643
f 629/629 627/627 643/643
f 643/643 627/627 644/644
f 627/627 626/626 644/644
f 644/644 626/626 645/645
f 626/626 646/646 645/645
f 645/645 646/646 647/647
f 646/646 624/624 647/647
f 647/647 624/624 648/648
f 624/624 649/649 648/648
f 648/648 649/649 650/650
f 649/649 651/651 650/650
f 650/650 651/651 652/652
f 651/651 581/581 652/652
f 652/652 581/581 583/583
f 631/631 643/643 653/653
f 643/643 644/644 653/653
f 653/653 644/644 654/654
f 644/644 655/655 654/654
f 654/654 655/655 656/656
f 655/655 657/657 656/656
f 656/656 657/657 658/658
f 657/657 659/659 658/658
f 658/658 659/659 660/660
f 659/659 661/661 660/660
f 660/660 661/661 662/662
f 661/661 663/663 662/662
f 662/662 663/663 664/664
f 663/663 665/665 664/664
f 664/664 665/665 637/637
f 665/665 666/666 637/637
f 637/637 666/666 639/639
f 666/666 667/667 639/639
f 639/639 667/667 641/641
f 667/667 668/668 641/641
f 641/641 668/668 669/669
f 668/668 543/543 669/669
f 669/669 543/543 545/545
f 663/663 661/661 665/665
f 661/661 670/670 665/665
f 665/665 670/670 666/666
f 670/670 466/466 666/666
f 666/666 466/466 503/503
f 466/466 464/464 503/503
f 503/503 507/507 666/666
f 507/507 671/671 666/666
f 666/666 671/671 672/672
f 671/671 673/673 672/672
f 672/672 673/673 674/674
f 673/673 531/531 674/674
f 674/674 531/531 533/533
f 531/531 673/673 527/527
f 673/673 671/671 527/527
f 527/527 671/671 525/525
f 671/671 523/523 525/525
f 671/671 509/509 523/523
f 509/509 675/675 523/523
f 523/523 675/675 521/521
f 675/675 676/676 521/521
f 521/521 676/676 677/677
f 676/676 511/511 677/677
f 677/677 511/511 513/513
f 513/513 519/519 677/677
f 519/519 521/521 677/677
f 641/641 669/669 547/547
f 669/669 545/545 547/547
f 543/543 668/668 541/541
f 668/668 678/678 541/541
f 541/541 678/678 679/679
f 678/678 680/680 679/679
f 679/679 680/680 537/537
f 680/680 535/535 537/537
f 678/678 667/667 680/680
f 667/667 672/672 680/680
f 680/680 672/672 681/681
f 672/672 533/533 681/681
f 681/681 533/533 535/535
f 621/621 623/623 622/622
f 623/623 557/557 622/622
f 623/623 625/625 557/557
f 625/625 555/555 557/557
f 541/541 679/679 539/539
f 679/679 537/537 539/539
f 581/581 651/651 579/579
f 651/651 649/649 579/579
f 579/579 649/649 619/619
f 649/649 620/620 619/619
f 506/506 514/514 508/508
f 514/514 510/510 508/508
f 637/637 635/635 664/664
f 635/635 633/633 664/664
f 664/664 633/633 662/662
f 633/633 660/660 662/662
f 633/633 682/682 660/660
f 682/682 683/683 660/660
f 660/660 683/683 658/658
f 683/683 656/656 658/658
f 633/633 631/631 682/682
f 631/631 653/653 682/682
f 682/682 653/653 654/654
f 654/654 656/656 682/682
f 656/656 683/683 682/682
f 675/675 509/509 676/676
f 509/509 511/511 676/676
f 614/614 612/612 616/616
f 612/612 684/684 616/616
f 612/612 685/685 684/684
f 685/685 686/686 684/684
f 684/684 686/686 687/687
f 686/686 688/688 687/687
f 687/687 688/688 689/689
f 688/688 690/690 689/689
f 689/689 690/690 691/691
f 690/690 692/692 691/691
f 691/691 692/692 693/693
f 692/692 694/694 693/693
f 693/693 694/694 695/695
f 694/694 696/696 695/695
f 695/695 696/696 697/697
f 696/696 698/698 697/697
f 697/697 698/698 699/699
f 698/698 700/700 699/699
f 699/699 700/700 701/701
f 700/700 702/702 701/701
f 701/701 702/702 703/703
f 702/702 564/564 703/703
f 703/703 564/564 562/562
f 564/564 702/702 566/566
f 702/702 700/700 566/566
f 566/566 700/700 568/568
f 700/700 704/704 568/568
f 568/568 704/704 570/570
f 704/704 705/705 570/570
f 570/570 705/705 706/706
f 705/705 707/707 706/706
f 706/706 707/707 708/708
f 707/707 709/709 708/708
f 708/708 709/709 572/572
f 709/709 574/574 572/572
f 700/700 710/710 704/704
f 710/710 711/711 704/704
f 704/704 711/711 705/705
f 711/711 712/712 705/705
f 705/705 712/712 707/707
f 712/712 713/713 707/707
f 707/707 713/713 709/709
f 713/713 714/714 709/709
f 709/709 714/714 715/715
f 714/714 716/716 715/715
f 715/715 716/716 717/717
f 716/716 718/718 717/717
f 717/717 718/718 719/719
f 718/718 720/720 719/719
f 719/719 720/720 610/610
f 720/720 612/612 610/610
f 700/700 698/698 710/710
f 698/698 696/696 710/710
f 710/710 696/696 711/711
f 696/696 694/694 711/711
f 711/711 694/694 721/721
f 694/694 692/692 721/721
f 721/721 692/692 722/722
f 692/692 690/690 722/722
f 722/722 690/690 686/686
f 690/690 688/688 686/686
f 711/711 721/721 712/712
f 721/721 722/722 712/712
f 712/712 722/722 713/713
f 722/722 723/723 713/713
f 713/713 723/723 714/714
f 723/723 716/716 714/714
f 722/722 685/685 723/723
f 685/685 612/612 723/723
f 723/723 612/612 720/720
f 720/720 718/718 723/723
f 718/718 716/716 723/723
f 610/610 608/608 719/719
f 608/608 724/724 719/719
f 719/719 724/724 725/725
f 724/724 726/726 725/725
f 725/725 726/726 727/727
f 726/726 598/598 727/727
f 727/727 598/598 728/728
f 598/598 596/596 728/728
f 728/728 596/596 729/729
f 596/596 594/594 729/729
f 729/729 594/594 592/592
f 728/728 729/729 727/727
f 729/729 730/730 727/727
f 727/727 730/730 731/731
f 730/730 732/732 731/731
f 731/731 732/732 733/733
f 732/732 734/734 733/733
f 733/733 734/734 735/735
f 734/734 582/582 735/735
f 735/735 582/582 736/736
f 582/582 580/580 736/736
f 736/736 580/580 578/578
f 733/733 735/735 731/731
f 735/735 737/737 731/731
f 731/731 737/737 727/727
f 737/737 576/576 727/727
f 727/727 576/576 738/738
f 576/576 574/574 738/738
f 738/738 574/574 717/717
f 574/574 715/715 717/717
f 727/727 738/738 725/725
f 738/738 717/717 725/725
f 725/725 717/717 719/719
f 708/708 572/572 706/706
f 572/572 570/570 706/706
f 735/735 736/736 737/737
f 736/736 576/576 737/737
f 724/724 608/608 726/726
f 608/608 739/739 726/726
f 726/726 739/739 602/602
f 739/739 604/604 602/602
f 604/604 739/739 606/606
f 739/739 608/608 606/606
f 689/689 691/691 740/740
f 691/691 741/741 740/740
f 740/740 741/741 742/742
f 741/741 695/695 742/742
f 742/742 695/695 743/743
f 695/695 744/744 743/743
f 743/743 744/744 745/745
f 744/744 746/746 745/745
f 745/745 746/746 747/747
f 746/746 748/748 747/747
f 747/747 748/748 749/749
f 748/748 750/750 749/749
f 749/749 750/750 751/751
f 750/750 752/752 751/751
f 751/751 752/752 753/753
f 752/752 754/754 753/753
f 753/753 754/754 560/560
f 754/754 562/562 560/560
f 749/749 751/751 755/755
f 751/751 756/756 755/755
f 755/755 756/756 757/757
f 756/756 758/758 757/757
f 757/757 758/758 759/759
f 758/758 760/760 759/759
f 759/759 760/760 761/761
f 760/760 762/762 761/761
f 761/761 762/762 763/763
f 762/762 764/764 763/763
f 763/763 764/764 765/765
f 764/764 766/766 765/765
f 765/765 766/766 767/767
f 766/766 768/768 767/767
f 767/767 768/768 769/769
f 768/768 770/770 769/769
f 769/769 770/770 771/771
f 770/770 772/772 771/771
f 771/771 772/772 773/773
f 772/772 764/764 773/773
f 773/773 764/764 774/774
f 764/764 775/775 774/774
f 774/774 775/775 776/776
f 775/775 762/762 776/776
f 776/776 762/762 777/777
f 762/762 778/778 777/777
f 777/777 778/778 779/779
f 778/778 760/760 779/779
f 779/779 760/760 546/546
f 760/760 780/780 546/546
f 546/546 780/780 548/548
f 780/780 550/550 548/548
f 755/755 757/757 781/781
f 757/757 782/782 781/781
f 781/781 782/782 783/783
f 782/782 784/784 783/783
f 783/783 784/784 785/785
f 784/784 767/767 785/785
f 785/785 767/767 786/786
f 767/767 769/769 786/786
f 786/786 769/769 787/787
f 769/769 788/788 787/787
f 787/787 788/788 789/789
f 788/788 771/771 789/789
f 789/789 771/771 790/790
f 771/771 773/773 790/790
f 790/790 773/773 791/791
f 773/773 792/792 791/791
f 791/791 792/792 793/793
f 792/792 794/794 793/793
f 793/793 794/794 795/795
f 794/794 796/796 795/795
f 795/795 796/796 797/797
f 796/796 798/798 797/797
f 797/797 798/798 799/799
f 798/798 800/800 799/799
f 799/799 801/801 797/797
f 801/801 802/802 797/797
f 797/797 802/802 795/795
f 802/802 803/803 795/795
f 795/795 803/803 804/804
f 803/803 805/805 804/804
f 804/804 805/805 791/791
f 805/805 789/789 791/791
f 791/791 789/789 790/790
f 804/804 791/791 795/795
f 791/791 793/793 795/795
f 691/691 693/693 741/741
f 693/693 695/695 741/741
f 768/768 766/766 770/770
f 766/766 772/772 770/770
f 546/546 544/544 779/779
f 544/544 777/777 779/779
f 777/777 544/544 776/776
f 544/544 806/806 776/776
f 776/776 806/806 774/774
f 806/806 807/807 774/774
f 774/774 807/807 792/792
f 807/807 808/808 792/792
f 792/792 808/808 794/794
f 808/808 809/809 794/794
f 794/794 809/809 810/810
f 809/809 811/811 810/810
f 810/810 811/811 812/812
f 811/811 813/813 812/812
f 812/812 813/813 814/814
f 813/813 534/534 814/814
f 814/814 534/534 532/532
f 534/534 813/813 536/536
f 813/813 811/811 536/536
f 536/536 811/811 815/815
f 811/811 809/809 815/815
f 815/815 809/809 538/538
f 809/809 808/808 538/538
f 538/538 808/808 540/540
f 808/808 807/807 540/540
f 540/540 807/807 542/542
f 807/807 544/544 542/542
f 751/751 753/753 756/756
f 753/753 816/816 756/756
f 756/756 816/816 817/817
f 816/816 818/818 817/817
f 817/817 818/818 819/819
f 818/818 556/556 819/819
f 819/819 556/556 554/554
f 556/556 818/818 558/558
f 818/818 820/820 558/558
f 558/558 820/820 560/560
f 820/820 753/753 560/560
f 753/753 820/820 816/816
f 820/820 818/818 816/816
f 794/794 810/810 796/796
f 810/810 821/821 796/796
f 796/796 821/821 798/798
f 821/821 822/822 798/798
f 798/798 822/822 823/823
f 822/822 824/824 823/823
f 823/823 824/824 825/825
f 824/824 826/826 825/825
f 825/825 826/826 827/827
f 826/826 828/828 827/827
f 822/822 821/821 829/829
f 821/821 830/830 829/829
f 829/829 830/830 824/824
f 830/830 814/814 824/824
f 824/824 814/814 831/831
f 814/814 832/832 831/831
f 831/831 832/832 833/833
f 832/832 834/834 833/833
f 833/833 834/834 835/835
f 834/834 836/836 835/835
f 835/835 836/836 837/837
f 836/836 838/838 837/837
f 837/837 838/838 839/839
f 838/838 840/840 839/839
f 839/839 840/840 841/841
f 840/840 842/842 841/841
f 841/841 842/842 843/843
f 842/842 844/844 843/843
f 843/843 844/844 845/845
f 844/844 846/846 845/845
f 845/845 846/846 847/847
f 846/846 848/848 847/847
f 847/847 848/848 522/522
f 848/848 849/849 522/522
f 522/522 849/849 524/524
f 849/849 526/526 524/524
f 832/832 850/850 834/834
f 850/850 851/851 834/834
f 834/834 851/851 528/528
f 851/851 852/852 528/528
f 528/528 852/852 530/530
f 852/852 850/850 530/530
f 530/530 850/850 814/814
f 850/850 832/832 814/814
f 528/528 526/526 834/834
f 526/526 849/849 834/834
f 834/834 849/849 836/836
f 849/849 848/848 836/836
f 836/836 848/848 838/838
f 848/848 844/844 838/838
f 838/838 844/844 842/842
f 814/814 830/830 812/812
f 830/830 810/810 812/812
f 554/554 552/552 819/819
f 552/552 550/550 819/819
f 819/819 550/550 780/780
f 819/819 780/780 817/817
f 780/780 760/760 817/817
f 817/817 760/760 758/758
f 642/642 549/549 640/640
f 549/549 551/551 640/640
f 640/640 551/551 630/630
f 640/640 630/630 638/638
f 630/630 636/636 638/638
f 636/636 630/630 634/634
f 630/630 632/632 634/634
f 742/742 743/743 853/853
f 743/743 854/854 853/853
f 743/743 745/745 854/854
f 745/745 855/855 854/854
f 854/854 855/855 856/856
f 855/855 857/857 856/856
f 856/856 857/857 858/858
f 857/857 859/859 858/858
f 745/745 747/747 855/855
f 747/747 860/860 855/855
f 855/855 860/860 857/857
f 860/860 781/781 857/857
f 857/857 781/781 783/783
f 747/747 749/749 860/860
f 749/749 755/755 860/860
f 860/860 755/755 781/781
f 661/661 659/659 670/670
f 659/659 861/861 670/670
f 670/670 861/861 862/862
f 861/861 863/863 862/862
f 862/862 863/863 864/864
f 863/863 865/865 864/864
f 864/864 865/865 866/866
f 865/865 867/867 866/866
f 861/861 659/659 868/868
f 659/659 657/657 868/868
f 868/868 657/657 869/869
f 657/657 655/655 869/869
f 869/869 655/655 650/650
f 655/655 870/870 650/650
f 650/650 870/870 647/647
f 870/870 645/645 647/647
f 869/869 652/652 868/868
f 652/652 583/583 868/868
f 868/868 583/583 585/585
f 585/585 871/871 868/868
f 871/871 861/861 868/868
f 871/871 872/872 861/861
f 872/872 873/873 861/861
f 861/861 873/873 863/863
f 873/873 874/874 863/863
f 863/863 874/874 865/865
f 874/874 867/867 865/865
f 873/873 872/872 875/875
f 872/872 871/871 875/875
f 875/875 871/871 876/876
f 871/871 877/877 876/876
f 871/871 585/585 877/877
f 585/585 878/878 877/877
f 878/878 585/585 879/879
f 585/585 880/880 879/879
f 879/879 880/880 881/881
f 880/880 882/882 881/881
f 585/585 587/587 880/880
f 587/587 883/883 880/880
f 880/880 883/883 884/884
f 883/883 885/885 884/884
f 884/884 885/885 886/886
f 885/885 887/887 886/886
f 887/887 885/885 888/888
f 885/885 889/889 888/888
f 888/888 889/889 890/890
f 889/889 891/891 890/890
f 890/890 891/891 892/892
f 891/891 893/893 892/892
f 892/892 893/893 894/894
f 893/893 895/895 894/894
f 894/894 895/895 896/896
f 895/895 897/897 896/896
f 896/896 897/897 898/898
f 897/897 899/899 898/898
f 898/898 899/899 900/900
f 899/899 901/901 900/900
f 900/900 901/901 902/902
f 901/901 903/903 902/902
f 902/902 903/903 904/904
f 903/903 905/905 904/904
f 904/904 905/905 906/906
f 905/905 907/907 906/906
f 906/906 907/907 908/908
f 907/907 909/909 908/908
f 908/908 909/909 910/910
f 909/909 911/911 910/910
f 910/910 911/911 912/912
f 911/911 913/913 912/912
f 912/912 913/913 914/914
f 913/913 915/915 914/914
f 914/914 915/915 916/916
f 915/915 917/917 916/916
f 916/916 917/917 918/918
f 917/917 919/919 918/918
f 918/918 919/919 920/920
f 919/919 921/921 920/920
f 920/920 921/921 922/922
f 921/921 923/923 922/922
f 922/922 923/923 595/595
f 923/923 924/924 595/595
f 595/595 924/924 593/593
f 924/924 925/925 593/593
f 593/593 925/925 591/591
f 925/925 926/926 591/591
f 591/591 926/926 587/587
f 926/926 883/883 587/587
f 924/924 923/923 927/927
f 923/923 928/928 927/927
f 927/927 928/928 926/926
f 928/928 929/929 926/926
f 926/926 929/929 883/883
f 929/929 930/930 883/883
f 883/883 930/930 931/931
f 930/930 932/932 931/931
f 931/931 932/932 933/933
f 932/932 915/915 933/933
f 933/933 915/915 934/934
f 915/915 913/913 934/934
f 934/934 913/913 935/935
f 913/913 936/936 935/935
f 935/935 936/936 937/937
f 936/936 938/938 937/937
f 937/937 938/938 939/939
f 938/938 940/940 939/939
f 939/939 940/940 941/941
f 940/940 893/893 941/941
f 941/941 893/893 942/942
f 893/893 891/891 942/942
f 942/942 891/891 889/889
f 935/935 937/937 934/934
f 937/937 943/943 934/934
f 934/934 943/943 933/933
f 943/943 944/944 933/933
f 933/933 944/944 945/945
f 944/944 939/939 945/945
f 945/945 939/939 946/946
f 939/939 947/947 946/946
f 946/946 947/947 948/948
f 947/947 889/889 948/948
f 948/948 889/889 883/883
f 889/889 885/885 883/883
f 948/948 883/883 946/946
f 883/883 931/931 946/946
f 946/946 931/931 945/945
f 931/931 933/933 945/945
f 866/866 949/949 864/864
f 949/949 950/950 864/864
f 864/864 950/950 862/862
f 950/950 951/951 862/862
f 862/862 951/951 952/952
f 951/951 953/953 952/952
f 952/952 953/953 954/954
f 953/953 955/955 954/954
f 954/954 955/955 956/956
f 951/951 950/950 953/953
f 950/950 957/957 953/953
f 953/953 957/957 955/955
f 906/906 908/908 958/958
f 908/908 959/959 958/958
f 958/958 959/959 960/960
f 959/959 961/961 960/960
f 908/908 910/910 959/959
f 910/910 962/962 959/959
f 959/959 962/962 961/961
f 962/962 963/963 961/961
f 961/961 963/963 964/964
f 963/963 965/965 964/964
f 964/964 965/965 966/966
f 965/965 967/967 966/966
f 966/966 967/967 968/968
f 967/967 969/969 968/968
f 968/968 969/969 970/970
f 969/969 971/971 970/970
f 970/970 971/971 972/972
f 971/971 973/973 972/972
f 972/972 973/973 974/974
f 973/973 975/975 974/974
f 974/974 975/975 605/605
f 975/975 603/603 605/605
f 971/971 969/969 976/976
f 969/969 977/977 976/976
f 976/976 977/977 978/978
f 977/977 979/979 978/978
f 978/978 979/979 980/980
f 979/979 920/920 980/980
f 980/980 920/920 599/599
f 920/920 922/922 599/599
f 599/599 922/922 597/597
f 922/922 595/595 597/597
f 920/920 979/979 918/918
f 979/979 981/981 918/918
f 918/918 981/981 916/916
f 981/981 982/982 916/916
f 916/916 982/982 914/914
f 982/982 912/912 914/914
f 979/979 977/977 981/981
f 977/977 983/983 981/981
f 981/981 983/983 982/982
f 983/983 967/967 982/982
f 982/982 967/967 965/965
f 965/965 984/984 982/982
f 984/984 962/962 982/982
f 982/982 962/962 912/912
f 962/962 910/910 912/912
f 962/962 984/984 963/963
f 984/984 965/965 963/963
f 924/924 927/927 925/925
f 927/927 926/926 925/925
f 939/939 941/941 947/947
f 941/941 889/889 947/947
f 969/969 967/967 977/977
f 967/967 983/983 977/977
f 961/961 964/964 985/985
f 964/964 966/966 985/985
f 985/985 966/966 986/986
f 966/966 968/968 986/986
f 986/986 968/968 970/970
f 893/893 940/940 895/895
f 940/940 938/938 895/895
f 895/895 938/938 897/897
f 938/938 899/899 897/897
f 899/899 938/938 901/901
f 938/938 987/987 901/901
f 901/901 987/987 988/988
f 987/987 907/907 988/988
f 988/988 907/907 905/905
f 938/938 936/936 987/987
f 936/936 911/911 987/987
f 987/987 911/911 909/909
f 901/901 988/988 903/903
f 988/988 905/905 903/903
f 944/944 943/943 939/939
f 943/943 937/937 939/939
f 886/886 989/989 884/884
f 989/989 990/990 884/884
f 884/884 990/990 991/991
f 990/990 992/992 991/991
f 991/991 992/992 993/993
f 993/993 882/882 991/991
f 882/882 880/880 991/991
f 991/991 880/880 884/884
f 870/870 655/655 645/645
f 655/655 644/644 645/645
f 522/522 520/520 847/847
f 520/520 994/994 847/847
f 847/847 994/994 845/845
f 994/994 995/995 845/845
f 845/845 995/995 996/996
f 995/995 994/994 997/997
f 994/994 520/520 997/997
f 997/997 520/520 518/518
f 518/518 517/517 997/997
f 517/517 995/995 997/997
f 833/833 835/835 831/831
f 835/835 998/998 831/831
f 831/831 998/998 826/826
f 998/998 999/999 826/826
f 826/826 999/999 828/828
f 999/999 1000/1000 828/828
f 999/999 998/998 1000/1000
f 998/998 1001/1001 1000/1000
f 1000/1000 1001/1001 839/839
f 1001/1001 837/837 839/839
f 1001/1001 998/998 837/837
f 998/998 835/835 837/837
f 841/841 843/843 996/996
f 843/843 845/845 996/996
f 613/613 615/615 611/611
f 615/615 1002/1002 611/611
f 611/611 1002/1002 609/609
f 1002/1002 607/607 609/609
f 1002/1002 1003/1003 607/607
f 1003/1003 1004/1004 607/607
f 607/607 1004/1004 605/605
f 1004/1004 974/974 605/605
f 1004/1004 1003/1003 1005/1005
f 1003/1003 970/970 1005/1005
f 1005/1005 970/970 1006/1006
f 970/970 972/972 1006/1006
f 1006/1006 972/972 974/974
f 974/974 1004/1004 1006/1006
f 1004/1004 1005/1005 1006/1006
f 582/582 734/734 584/584
f 734/734 1007/1007 584/584
f 584/584 1007/1007 586/586
f 1007/1007 588/588 586/586
f 588/588 1007/1007 590/590
f 1007/1007 732/732 590/590
f 590/590 732/732 730/730
f 730/730 729/729 590/590
f 729/729 592/592 590/590
f 757/757 759/759 782/782
f 759/759 1008/1008 782/782
f 782/782 1008/1008 767/767
f 1008/1008 765/765 767/767
f 759/759 761/761 1008/1008
f 761/761 763/763 1008/1008
f 1008/1008 763/763 765/765
f 726/726 602/602 598/598
f 602/602 600/600 598/598
f 573/573 617/617 571/571
f 617/617 1009/1009 571/571
f 571/571 1009/1009 569/569
f 1009/1009 618/618 569/569
f 569/569 618/618 567/567
f 971/971 976/976 973/973
f 976/976 1010/1010 973/973
f 973/973 1010/1010 975/975
f 1010/1010 1011/1011 975/975
f 975/975 1011/1011 603/603
f 1011/1011 601/601 603/603
f 976/976 978/978 1010/1010
f 978/978 1012/1012 1010/1010
f 1010/1010 1012/1012 1011/1011
f 1012/1012 601/601 1011/1011
f 978/978 980/980 1012/1012
f 980/980 599/599 1012/1012
f 1012/1012 599/599 601/601
f 915/915 932/932 917/917
f 932/932 919/919 917/917
f 932/932 930/930 919/919
f 930/930 929/929 919/919
f 919/919 929/929 921/921
f 929/929 1013/1013 921/921
f 921/921 1013/1013 923/923
f 1013/1013 928/928 923/923
f 801/801 1014/1014 802/802
f 1014/1014 803/803 802/802
f 1014/1014 1015/1015 803/803
f 1015/1015 1016/1016 803/803
f 803/803 1016/1016 805/805
f 1016/1016 789/789 805/805
f 789/789 1016/1016 1017/1017
f 1016/1016 1018/1018 1017/1017
f 1017/1017 1018/1018 1019/1019
f 1018/1018 1020/1020 1019/1019
f 1019/1019 1020/1020 787/787
f 1020/1020 786/786 787/787
f 1018/1018 1021/1021 1020/1020
f 1021/1021 1022/1022 1020/1020
f 1020/1020 1022/1022 786/786
f 1022/1022 785/785 786/786
f 1022/1022 1023/1023 785/785
f 1023/1023 1024/1024 785/785
f 785/785 1024/1024 783/783
f 1024/1024 1025/1025 783/783
f 783/783 1025/1025 857/857
f 1025/1025 859/859 857/857
f 859/859 1025/1025 1026/1026
f 1025/1025 1024/1024 1026/1026
f 1014/1014 1027/1027 1015/1015
f 1027/1027 1028/1028 1015/1015
f 1015/1015 1028/1028 1016/1016
f 1028/1028 1029/1029 1016/1016
f 1016/1016 1029/1029 1030/1030
f 789/789 1017/1017 787/787
f 1017/1017 1019/1019 787/787
f 1031/1031 1032/1032 1033/1033
f 1032/1032 900/900 1033/1033
f 1033/1033 900/900 1034/1034
f 900/900 902/902 1034/1034
f 1034/1034 902/902 904/904
f 1031/1031 1033/1033 1035/1035
f 1033/1033 1034/1034 1035/1035
f 1035/1035 1034/1034 904/904
f 827/827 800/800 1036/1036
f 800/800 798/798 1036/1036
f 1036/1036 798/798 823/823
f 823/823 825/825 1036/1036
f 825/825 827/827 1036/1036
f 365/365 364/364 1037/1037
f 364/364 363/363 1037/1037
f 1037/1037 363/363 367/367
f 367/367 369/369 1037/1037
f 369/369 371/371 1037/1037
f 1037/1037 371/371 365/365
f 746/746 744/744 1038/1038
f 744/744 1039/1039 1038/1038
f 1038/1038 1039/1039 699/699
f 1039/1039 697/697 699/699
f 699/699 701/701 1038/1038
f 701/701 750/750 1038/1038
f 1038/1038 750/750 748/748
f 750/750 701/701 1040/1040
f 701/701 703/703 1040/1040
f 1040/1040 703/703 1041/1041
f 703/703 562/562 1041/1041
f 1041/1041 562/562 754/754
f 750/750 1040/1040 752/752
f 1040/1040 1041/1041 752/752
f 752/752 1041/1041 754/754
f 744/744 695/695 1039/1039
f 695/695 697/697 1039/1039
f 472/472 1042/1042 474/474
f 1042/1042 1043/1043 474/474
f 474/474 1043/1043 476/476
f 1043/1043 1044/1044 476/476
f 476/476 1044/1044 1045/1045
f 1044/1044 1046/1046 1045/1045
f 1045/1045 1046/1046 1047/1047
f 1046/1046 954/954 1047/1047
f 1047/1047 954/954 956/956
f 472/472 470/470 1042/1042
f 470/470 468/468 1042/1042
f 1042/1042 468/468 1048/1048
f 468/468 466/466 1048/1048
f 1048/1048 466/466 1046/1046
f 466/466 670/670 1046/1046
f 1046/1046 670/670 862/862
f 862/862 952/952 1046/1046
f 952/952 954/954 1046/1046
f 1046/1046 1044/1044 1048/1048
f 1044/1044 1042/1042 1048/1048
f 956/956 1049/1049 1047/1047
f 1049/1049 1045/1045 1047/1047
f 1049/1049 1050/1050 1045/1045
f 1050/1050 1051/1051 1045/1045
f 1045/1045 1051/1051 1052/1052
f 1052/1052 1053/1053 1045/1045
f 1053/1053 1054/1054 1045/1045
f 1045/1045 1054/1054 1055/1055
f 1054/1054 1056/1056 1055/1055
f 1055/1055 1056/1056 480/480
f 1056/1056 1057/1057 480/480
f 480/480 1057/1057 482/482
f 1057/1057 484/484 482/482
f 1056/1056 1054/1054 1057/1057
f 1054/1054 1053/1053 1057/1057
f 1057/1057 1053/1053 486/486
f 15/15 1058/1058 1059/1059
f 1058/1058 1060/1060 1059/1059
f 1059/1059 1060/1060 1061/1061
f 1060/1060 1062/1062 1061/1061
f 1061/1061 1062/1062 1063/1063
f 1062/1062 1064/1064 1063/1063
f 1063/1063 1064/1064 1065/1065
f 15/15 1059/1059 1066/1066
f 1059/1059 1067/1067 1066/1066
f 1066/1066 1067/1067 1068/1068
f 1067/1067 1063/1063 1068/1068
f 1068/1068 1063/1063 1065/1065
f 1063/1063 1067/1067 1061/1061
f 1067/1067 1059/1059 1061/1061
f 15/15 1066/1066 13/13
f 1066/1066 11/11 13/13
f 11/11 1066/1066 1069/1069
f 1066/1066 1068/1068 1069/1069
f 1069/1069 1068/1068 1070/1070
f 1068/1068 1071/1071 1070/1070
f 1070/1070 1071/1071 9/9
f 1071/1071 1072/1072 9/9
f 9/9 1072/1072 7/7
f 1072/1072 5/5 7/7
f 1070/1070 9/9 1069/1069
f 9/9 11/11 1069/1069
f 1073/1073 887/887 1074/1074
f 887/887 888/888 1074/1074
f 1074/1074 888/888 890/890
f 1074/1074 890/890 1075/1075
f 890/890 892/892 1075/1075
f 1075/1075 892/892 894/894
f 1075/1075 894/894 1076/1076
f 894/894 896/896 1076/1076
f 1076/1076 896/896 898/898
f 1076/1076 1077/1077 1075/1075
f 1077/1077 1073/1073 1075/1075
f 1075/1075 1073/1073 1074/1074
f 175/175 130/130 1078/1078
f 130/130 128/128 1078/1078
f 1078/1078 128/128 1079/1079
f 1079/1079 1080/1080 1078/1078
f 1080/1080 175/175 1078/1078
f 3/3 5/5 1081/1081
f 5/5 1072/1072 1081/1081
f 1081/1081 1072/1072 1071/1071
f 279/279 440/440 1082/1082
f 440/440 283/283 1082/1082
f 1082/1082 283/283 282/282
f 282/282 280/280 1082/1082
f 280/280 279/279 1082/1082
f 283/283 440/440 284/284
f 440/440 1083/1083 284/284
f 284/284 1083/1083 1084/1084
f 1083/1083 1085/1085 1084/1084
f 1084/1084 1085/1085 286/286
f 1085/1085 288/288 286/286
f 288/288 1085/1085 438/438
f 1085/1085 1083/1083 438/438
f 438/438 1083/1083 440/440
f 1055/1055 480/480 1086/1086
f 480/480 478/478 1086/1086
f 1086/1086 478/478 476/476
f 476/476 1045/1045 1086/1086
f 1045/1045 1055/1055 1086/1086
f 1032/1032 1076/1076 1087/1087
f 1076/1076 898/898 1087/1087
f 1087/1087 898/898 900/900
f 366/366 372/372 380/380
f 262/262 261/261 319/319
f 174/174 207/207 176/176
f 286/286 284/284 1084/1084
f 180/180 182/182 257/257
f 181/181 185/185 183/183
f 148/148 133/133 135/135
f 323/323 331/331 325/325
f 311/311 454/454 313/313
f 374/374 326/326 328/328
f 206/206 208/208 209/209
f 361/361 357/357 359/359
f 398/398 410/410 412/412
f 277/277 414/414 275/275
f 442/442 439/439 441/441
f 390/390 381/381 379/379
f 383/383 368/368 366/366
f 373/373 377/377 372/372
f 157/157 231/231 156/156
f 259/259 350/350 349/349
f 409/409 408/408 410/410
f 326/326 322/322 324/324
f 308/308 310/310 306/306
f 226/226 213/213 212/212
f 432/432 430/430 445/445
f 143/143 139/139 141/141
f 134/134 132/132 136/136
f 69/69 70/70 67/67
f 31/31 52/52 33/33
f 68/68 57/57 56/56
f 107/107 121/121 105/105
f 74/74 76/76 91/91
f 50/50 94/94 48/48
f 88/88 90/90 86/86
f 8/8 26/26 10/10
f 120/120 123/123 126/126
f 82/82 84/84 87/87
f 113/113 73/73 124/124
f 1071/1071 3/3 1081/1081
f 104/104 102/102 106/106
f 18/18 20/20 29/29
f 533/533 672/672 674/674
f 685/685 722/722 686/686
f 987/987 909/909 907/907
f 782/782 767/767 784/784
f 824/824 822/822 829/829
f 629/629 628/628 627/627
f 715/715 574/574 709/709
f 666/666 672/672 667/667
f 842/842 840/840 838/838
f 507/507 509/509 671/671
f 527/527 529/529 531/531
f 792/792 773/773 774/774
f 762/762 775/775 764/764
f 650/650 652/652 869/869
f 649/649 624/624 620/620
f 815/815 538/538 536/536
f 942/942 889/889 941/941
f 814/814 532/532 530/530
f 821/821 810/810 830/830
f 1057/1057 486/486 484/484
f 826/826 824/824 831/831
f 1016/1016 1030/1030 1018/1018
f 936/936 913/913 911/911
f 1087/1087 900/900 1032/1032
f 762/762 760/760 778/778
f 758/758 756/756 817/817
f 648/648 650/650 647/647
f 772/772 766/766 764/764
f 950/950 949/949 957/957
f 732/732 1007/1007 734/734
f 587/587 589/589 591/591
f 535/535 680/680 681/681
f 748/748 746/746 1038/1038
f 624/624 646/646 626/626
f 771/771 788/788 769/769
f 668/668 667/667 678/678
f 852/852 851/851 850/850
f 806/806 544/544 807/807
f 505/505 507/507 503/503
f 1043/1043 1042/1042 1044/1044
f 1013/1013 929/929 928/928
f 576/576 736/736 578/578
f 844/844 848/848 846/846
f 514/514 512/512 510/510
f 471/471 473/473 487/487
f 990/990 989/989 992/992
f 485/485 493/493 483/483
f 618/618 1009/1009 617/617
# num_faces: 1931
